stop_id,route_id
2.39,2.51
2.39,2.55
2.39,2.19
2.1217,2.92
2.1217,2.24
2.38,2.221
2.38,2.6
2.2059,2.121
2.2053,2.120
2.2052,2.120
2.2051,2.120
2.2057,2.120
2.2056,2.120
2.2055,2.120
2.2054,2.120
2.1589,2.50
2.1589,2.51
2.1589,2.132
2.1589,2.47
2.1589,2.32
2.471,2.51
2.471,2.50
2.221,2.67
2.221,2.7
2.221,2.215
2.221,2.68
2.220,2.51
2.220,2.50
2.220,2.92
2.222,2.213
2.224,2.117
2.227,2.221
2.227,2.6
2.226,2.39
2.226,2.45
2.226,2.217
2.228,2.62
2.228,2.47
2.3275,2.114
2.2248,2.78
2.1438,2.157
2.1438,2.57
2.9386,2.40
2.9386,2.11
2.1435,2.204
2.1435,2.60
2.1435,2.11
2.1436,2.204
2.1436,2.60
2.1436,2.11
2.1437,2.51
2.1437,2.50
2.1437,2.76
2.1430,2.221
2.1430,2.45
2.1430,2.102
2.1432,2.62
2.1369,2.55
2.2457,2.132
2.2456,2.132
2.2455,2.132
2.2454,2.36
2.2454,2.11
2.2454,2.132
2.2453,2.124
2.2459,2.55
2.2458,2.55
2.2189,2.79
2.2188,2.79
2.2180,2.79
2.2180,2.125
2.2185,2.79
2.2184,2.79
2.2187,2.79
2.2186,2.79
2.1361,2.50
2.683,2.185
2.682,2.227
2.682,2.216
2.681,2.19
2.681,2.76
2.680,2.102
2.687,2.107
2.686,2.107
2.685,2.107
2.684,2.107
2.134,2.66
2.134,2.207
2.134,2.68
2.137,2.41
2.137,2.55
2.137,2.13
2.137,2.216
2.137,2.91
2.1208,2.67
2.1208,2.68
2.626,2.206
2.626,2.39
2.626,2.55
2.626,2.32
2.130,2.51
2.130,2.39
2.130,2.216
2.133,2.66
2.133,2.207
2.133,2.68
2.2233,2.39
2.2980,2.127
2.2983,2.40
2.2983,2.42
2.2230,2.143
2.2230,2.214
2.2985,2.127
2.2985,2.51
2.2985,2.50
2.2985,2.76
2.2984,2.220
2.2987,2.119
2.2234,2.39
2.2234,2.19
2.2234,2.102
2.2989,2.107
2.2989,2.21
2.1501,2.97
2.2239,2.185
2.1503,2.97
1.338,1.3
1.339,1.3
2.1292,2.91
2.1295,2.59
2.1295,2.213
2.1295,2.91
2.1296,2.59
2.1296,2.213
2.1296,2.91
2.1297,2.34
2.1297,2.51
2.1297,2.50
2.1297,2.33
2.1297,2.210
2.1297,2.19
1.330,1.3
1.331,1.3
1.332,1.3
1.333,1.3
1.334,1.3
1.335,1.3
1.336,1.3
1.337,1.3
2.358,2.67
2.358,2.57
2.358,2.68
2.2540,2.185
2.350,2.27
2.353,2.67
2.353,2.94
2.352,2.67
2.352,2.95
2.355,2.67
2.355,2.94
2.354,2.67
2.354,2.94
2.357,2.67
2.357,2.57
2.357,2.68
2.1342,2.96
2.1342,2.204
2.1342,2.62
2.1615,2.110
2.1615,2.109
2.1615,2.21
2.1340,2.126
2.1340,2.96
2.1340,2.62
2.1341,2.126
2.1341,2.96
2.1341,2.62
2.1610,2.21
2.1610,2.109
2.1347,2.104
2.1344,2.34
2.1344,2.36
2.1344,2.208
2.1344,2.126
2.1344,2.26
2.1344,2.11
2.1345,2.51
2.1345,2.50
2.1345,2.45
2.1345,2.47
2.1345,2.19
2.1345,2.117
2.1348,2.104
2.1349,2.155
2.1349,2.76
2.1349,2.62
2.1349,2.103
2.1618,2.110
2.1618,2.109
2.1618,2.21
2.1619,2.21
2.1619,2.109
2.1187,2.19
2.1187,2.76
2.1180,2.36
2.1180,2.33
2.1160,2.40
2.2528,2.19
2.2528,2.76
2.1161,2.40
2.1188,2.185
2.1189,2.40
2.1189,2.26
1.424,1.4
1.425,1.4
1.426,1.4
1.427,1.4
1.420,1.4
1.421,1.4
1.422,1.4
1.423,1.4
2.2883,2.131
1.428,1.4
1.429,1.4
2.1352,2.131
2.1352,2.215
STOP_5626b9aa-6c01-4274-86ed-e40262c62ac8,ROUTE_e786161c-a853-4b24-809e-0599ce254d66
2.504,2.210
2.1760,2.102
2.1761,2.97
2.1761,2.62
2.1761,2.76
2.1764,2.59
2.1764,2.36
2.1764,2.227
2.1764,2.92
2.1764,2.216
2.1765,2.97
2.1765,2.104
2.1765,2.76
2.1765,2.62
2.1765,2.96
2.1766,2.220
2.1766,2.50
2.1767,2.220
2.1767,2.50
2.1768,2.220
2.1768,2.50
2.1769,2.203
2.1986,2.116
2.1987,2.116
2.1980,2.110
2.1982,2.65
2.1982,2.165
2.1983,2.37
2.1983,2.21
1.510,1.5
1.511,1.5
1.512,1.5
1.513,1.5
1.514,1.5
1.515,1.5
1.516,1.5
1.517,1.5
1.518,1.5
1.519,1.5
2.69,2.22
2.69,2.124
2.69,2.204
2.69,2.131
2.69,2.215
2.64,2.95
2.65,2.208
2.65,2.27
2.65,2.32
2.62,2.92
2.63,2.51
2.63,2.50
2.63,2.55
2.63,2.19
2.63,2.6
2.60,2.217
2.60,2.39
2.60,2.45
2.60,2.47
2.61,2.92
2.3392,2.131
2.84,2.42
2.85,2.42
2.488,2.210
2.80,2.46
2.81,2.46
2.82,2.51
2.82,2.50
2.82,2.76
2.83,2.60
2.88,2.63
2.89,2.63
2.3394,2.213
2.508,2.20
2.508,2.227
2.3269,2.207
2.3268,2.207
2.3263,2.207
2.3262,2.221
STOP_5343cd24-e4d1-4c54-918f-996ef8f0c4fe,ROUTE_930ca19d-d3e8-4b79-82b8-1a6c50054b05
2.3267,2.207
2.3266,2.207
2.3265,2.207
2.3264,2.207
2.754,2.204
2.754,2.215
2.754,2.60
2.3460,2.97
2.3460,2.62
2.3460,2.76
2.3284,2.40
2.3284,2.11
2.3284,2.208
2.3286,2.220
2.3281,2.185
2.3283,2.40
2.3283,2.11
2.3282,2.204
2.3282,2.11
2.3282,2.208
2.3289,2.21
2.3288,2.21
2.630,2.59
STOP_7e00c002-bc9c-491d-b953-0c7b339b22a9,ROUTE_930ca19d-d3e8-4b79-82b8-1a6c50054b05
2.3138,2.95
2.3137,2.95
2.3136,2.78
2.3135,2.78
2.3134,2.130
2.3133,2.130
2.3132,2.21
2.3131,2.94
2.3130,2.67
2.3130,2.95
2.3130,2.94
2.3130,2.57
2.3130,2.68
2.1434,2.212
2.1434,2.65
2.1434,2.46
2.3376,2.21
2.1665,2.210
2.1665,2.143
2.1667,2.143
2.3043,2.46
2.3041,2.46
2.1842,2.115
2.908,2.91
2.3046,2.129
2.904,2.78
2.905,2.157
2.905,2.57
2.906,2.157
2.906,2.57
2.907,2.79
2.907,2.37
2.907,2.46
2.907,2.165
2.907,2.212
2.907,2.65
2.907,2.109
2.907,2.216
2.902,2.67
2.902,2.57
2.902,2.68
2.903,2.67
2.903,2.57
2.903,2.68
2.2754,2.122
2.232,2.185
2.232,2.204
2.232,2.27
2.232,2.60
2.232,2.76
2.233,2.51
2.233,2.50
2.233,2.45
2.233,2.208
2.233,2.47
2.233,2.19
2.233,2.20
2.233,2.117
2.230,2.39
2.230,2.45
2.230,2.217
2.231,2.27
2.231,2.227
2.231,2.47
2.236,2.62
2.237,2.78
2.237,2.33
2.237,2.67
2.237,2.75
2.237,2.63
2.237,2.7
2.234,2.210
2.234,2.34
2.234,2.51
2.234,2.50
2.234,2.33
2.235,2.62
2.2022,2.185
2.2022,2.215
2.238,2.185
2.239,2.34
2.239,2.66
2.239,2.206
2.239,2.203
2.239,2.70
2.239,2.6
2.2751,2.40
2.2751,2.42
2.282,2.211
2.282,2.68
2.1428,2.185
2.1428,2.45
2.1428,2.102
2.9398,2.212
2.9398,2.7
2.2791,2.20
2.2021,2.116
2.9391,2.7
2.9391,2.92
2.1426,2.211
2.1426,2.68
2.1425,2.34
2.1425,2.7
2.1425,2.6
2.1425,2.33
2.1425,2.208
2.1424,2.185
2.2422,2.143
2.2422,2.214
2.2420,2.143
2.2420,2.214
2.2421,2.143
2.2421,2.214
2.2427,2.143
2.1612,2.65
2.1612,2.46
2.1517,2.50
2.1517,2.51
2.1517,2.132
2.1517,2.76
2.1515,2.126
2.1515,2.127
2.1515,2.62
2.1515,2.40
2.1515,2.11
2.698,2.59
2.698,2.36
2.698,2.227
2.698,2.92
2.698,2.216
2.699,2.66
2.699,2.34
2.699,2.203
2.699,2.130
2.128,2.126
2.1510,2.51
2.1510,2.50
2.1510,2.47
2.1510,2.32
2.694,2.107
2.127,2.40
2.127,2.204
2.696,2.107
2.125,2.7
2.125,2.212
2.125,2.50
2.125,2.62
2.125,2.54
2.122,2.34
2.122,2.6
2.122,2.33
2.123,2.40
2.123,2.42
2.123,2.55
2.123,2.39
2.123,2.216
2.123,2.19
2.1519,2.127
2.1519,2.60
2.1518,2.51
2.1518,2.50
2.1518,2.132
2.119,2.27
2.2080,2.118
2.2081,2.118
2.2082,2.118
2.2083,2.118
2.2084,2.118
2.2085,2.118
2.2738,2.192
2.2087,2.118
2.2736,2.192
2.2736,2.208
2.2737,2.192
2.2734,2.192
2.2735,2.192
2.2733,2.192
2.2730,2.92
2.2731,2.92
2.2956,2.102
2.2957,2.102
2.2954,2.130
2.2955,2.102
2.2952,2.115
2.2953,2.130
2.2950,2.122
2.2951,2.122
2.1285,2.59
2.1284,2.220
2.1284,2.59
2.1284,2.36
2.1284,2.45
2.1283,2.220
2.1283,2.59
2.1283,2.45
2.1282,2.220
2.1282,2.59
2.1282,2.45
2.2958,2.102
2.2959,2.102
2.348,2.125
2.348,2.150
2.349,2.150
2.342,2.216
2.343,2.23
2.343,2.150
2.341,2.192
2.346,2.150
2.347,2.150
2.344,2.125
2.344,2.150
2.345,2.125
2.345,2.150
2.1351,2.34
2.1351,2.36
2.1351,2.26
2.1351,2.11
2.1350,2.155
2.1350,2.76
2.1350,2.62
2.1350,2.103
2.1353,2.131
2.1353,2.215
2.1600,2.217
2.1600,2.45
2.1600,2.120
2.1600,2.215
2.1606,2.220
2.1606,2.59
2.1606,2.45
2.1605,2.220
2.1605,2.59
2.1605,2.45
2.1604,2.220
2.1604,2.59
2.1604,2.45
2.1358,2.196
2.1193,2.221
2.1192,2.36
2.1191,2.192
2.2559,2.39
2.2559,2.215
2.1197,2.95
2.1197,2.57
2.1197,2.68
2.1196,2.123
2.1196,2.60
2.1196,2.92
2.1195,2.92
2.1195,2.217
2.1194,2.203
2.2880,2.131
2.2881,2.131
2.1199,2.67
2.1199,2.95
2.1198,2.67
2.1198,2.95
2.2884,2.131
2.2885,2.131
2.2886,2.131
2.2555,2.116
2.2718,2.97
2.1999,2.102
2.1998,2.102
2.1779,2.185
2.1779,2.102
2.1778,2.97
2.1778,2.104
2.1778,2.62
2.1778,2.96
2.1777,2.130
2.1776,2.124
2.1776,2.204
2.1776,2.131
2.1776,2.123
2.1776,2.215
2.1775,2.92
2.1775,2.123
2.1775,2.196
2.1990,2.116
2.1997,2.116
2.1996,2.116
2.1771,2.115
2.138,2.210
2.138,2.20
2.1975,2.95
2.1976,2.203
2.1971,2.37
2.1970,2.70
2.1973,2.79
2.1973,2.109
2.689,2.107
2.79,2.46
2.136,2.59
2.136,2.27
2.136,2.32
2.71,2.123
2.71,2.60
2.71,2.196
2.70,2.60
2.73,2.60
2.74,2.60
2.97,2.123
2.96,2.206
2.95,2.212
2.95,2.50
2.95,2.54
2.94,2.34
2.94,2.6
2.94,2.33
2.94,2.208
2.93,2.42
2.92,2.212
2.92,2.65
2.92,2.46
2.91,2.212
2.91,2.65
2.91,2.46
2.2232,2.39
2.2231,2.39
2.99,2.206
2.98,2.210
2.98,2.20
2.98,2.63
2.2235,2.39
2.2235,2.19
2.2235,2.102
2.2986,2.40
2.2986,2.42
2.3450,2.211
2.3451,2.92
2.3452,2.75
2.3453,2.92
2.3454,2.192
2.2888,2.131
2.3148,2.96
2.3140,2.65
2.3141,2.51
2.3141,2.39
2.3141,2.216
2.3147,2.96
2.2332,2.51
2.2622,2.45
2.2622,2.102
2.2331,2.51
2.979,2.155
2.979,2.103
2.978,2.103
2.971,2.36
2.971,2.33
2.970,2.42
2.973,2.11
2.973,2.32
2.972,2.221
2.972,2.45
2.972,2.102
2.975,2.11
2.975,2.32
2.974,2.11
2.974,2.32
2.977,2.40
2.977,2.11
2.1290,2.59
2.1290,2.213
2.805,2.204
2.805,2.11
2.804,2.50
2.804,2.51
2.804,2.76
2.804,2.11
2.804,2.32
2.807,2.47
2.807,2.204
2.807,2.76
2.806,2.47
2.806,2.204
2.806,2.76
2.800,2.185
2.803,2.51
2.803,2.50
2.803,2.47
2.803,2.32
2.1299,2.116
2.1299,2.24
2.1299,2.92
2.838,2.42
2.809,2.50
2.809,2.51
2.809,2.76
2.809,2.11
2.809,2.32
2.808,2.51
2.808,2.50
2.808,2.76
2.839,2.20
2.839,2.45
2.839,2.47
2.209,2.220
2.209,2.121
2.208,2.66
2.208,2.54
2.755,2.47
2.755,2.122
2.755,2.227
2.755,2.204
2.755,2.76
2.2714,2.79
2.205,2.41
2.204,2.55
2.204,2.13
2.204,2.216
2.204,2.91
2.203,2.157
2.203,2.63
2.202,2.211
2.202,2.68
2.753,2.51
2.753,2.50
2.752,2.51
2.752,2.50
2.752,2.32
2.752,2.76
2.752,2.127
2.752,2.11
2.2431,2.123
2.2430,2.123
2.2433,2.123
2.2432,2.123
2.2435,2.123
2.2434,2.123
2.2437,2.123
2.2436,2.123
2.2439,2.123
2.2438,2.123
2.1563,2.13
2.1560,2.27
2.118,2.22
2.118,2.217
2.1566,2.125
2.1566,2.13
2.1567,2.125
2.1567,2.13
2.1564,2.13
2.1565,2.13
2.113,2.96
2.113,2.155
2.113,2.103
2.112,2.96
2.112,2.155
2.112,2.103
2.111,2.96
2.111,2.155
2.1569,2.13
2.117,2.96
2.117,2.155
2.117,2.103
2.116,2.96
2.116,2.155
2.116,2.103
2.115,2.96
2.115,2.155
2.115,2.103
2.114,2.96
2.114,2.155
2.114,2.103
2.1329,2.39
2.2728,2.27
2.2099,2.128
2.2098,2.128
2.2097,2.118
2.2097,2.128
2.2096,2.118
2.2095,2.118
2.594,2.96
2.2093,2.118
2.2092,2.118
2.2091,2.118
2.2090,2.118
2.377,2.220
2.1614,2.21
2.1614,2.109
2.375,2.27
2.375,2.32
2.374,2.45
2.374,2.102
2.373,2.34
2.373,2.33
2.373,2.67
2.373,2.63
2.373,2.7
2.373,2.6
2.372,2.96
2.371,2.45
2.371,2.19
2.370,2.45
2.370,2.19
2.2949,2.40
2.2949,2.42
2.2949,2.212
2.1616,2.40
2.1616,2.42
2.1616,2.214
2.1616,2.216
2.378,2.210
2.574,2.36
2.577,2.22
2.577,2.24
2.1617,2.110
2.1617,2.109
2.1617,2.21
2.571,2.91
2.570,2.62
2.572,2.212
2.578,2.40
2.578,2.42
2.578,2.227
2.1611,2.65
2.1611,2.46
2.2897,2.26
2.2895,2.196
2.2893,2.196
2.2892,2.196
2.2891,2.215
2.2890,2.215
2.1364,2.220
2.1364,2.50
2.1365,2.220
2.1365,2.50
2.1366,2.41
2.1366,2.37
2.1366,2.55
2.1366,2.211
2.1366,2.120
2.1366,2.24
2.1367,2.220
2.1367,2.37
2.1360,2.213
2.1360,2.204
2.1360,2.75
2.615,2.185
2.2899,2.26
2.2898,2.26
2.2548,2.54
2.1168,2.51
2.1168,2.50
2.1168,2.76
2.2541,2.67
2.1167,2.126
2.1167,2.96
2.1167,2.62
2.2543,2.67
2.2543,2.75
2.2543,2.7
2.2543,2.33
2.2542,2.67
2.2542,2.75
2.2542,2.7
2.1163,2.214
2.1163,2.51
2.1163,2.39
2.2547,2.42
2.2547,2.212
2.2547,2.60
2.2546,2.42
2.1386,2.213
2.1387,2.22
2.1387,2.24
2.1387,2.217
2.1384,2.65
2.1384,2.165
2.1385,2.39
2.1382,2.214
2.1382,2.51
2.1382,2.39
2.1383,2.65
2.1383,2.165
2.1380,2.66
2.1380,2.78
2.1380,2.207
2.1381,2.66
2.1381,2.78
2.1388,2.39
2.1388,2.55
2.1389,2.215
2.2247,2.78
2.2936,2.155
2.1708,2.62
2.1708,2.76
2.1709,2.97
2.1709,2.104
2.1709,2.96
2.1702,2.119
2.1702,2.19
2.1703,2.104
2.1703,2.62
2.1703,2.76
2.1701,2.104
2.1701,2.155
2.1701,2.103
2.1706,2.62
2.1706,2.76
2.1707,2.62
2.1707,2.76
2.1704,2.104
2.1704,2.62
2.1704,2.76
2.1705,2.51
2.1705,2.62
2.1705,2.76
2.2241,2.185
2.1940,2.206
2.1940,2.70
2.1940,2.211
2.1941,2.206
2.1941,2.70
2.1943,2.40
2.1943,2.11
2.1944,2.126
2.1944,2.40
1.901,1.91
2.1594,2.47
2.1594,2.122
2.1594,2.227
2.1594,2.204
2.1594,2.76
2.1221,2.92
2.1221,2.24
2.1592,2.206
2.1592,2.122
2.1592,2.227
2.1016,2.65
2.1016,2.21
2.1016,2.165
2.1017,2.157
2.1017,2.63
2.1014,2.65
2.1014,2.21
2.1014,2.165
2.1015,2.65
2.1015,2.21
2.1015,2.165
2.1591,2.34
2.1591,2.36
2.1591,2.11
2.1010,2.185
2.1011,2.216
2.1590,2.34
2.1590,2.36
2.1590,2.26
2.1590,2.206
2.1590,2.122
2.1590,2.11
2.1018,2.95
2.1019,2.204
2.1019,2.215
2.1019,2.60
2.1019,2.119
2.1019,2.19
2.1019,2.27
2.1321,2.116
2.2445,2.124
2.3447,2.116
2.3446,2.116
2.3445,2.59
2.3443,2.120
2.3441,2.65
2.3441,2.165
2.3449,2.211
2.3448,2.116
2.1511,2.51
2.1511,2.50
2.1511,2.47
2.1511,2.32
2.2446,2.124
2.1218,2.92
2.1218,2.24
2.1219,2.92
2.1219,2.24
2.3159,2.122
2.3158,2.122
2.3151,2.96
2.3150,2.96
2.3153,2.155
2.3155,2.96
2.3155,2.155
2.3154,2.155
2.3157,2.96
2.3157,2.155
2.3156,2.155
2.161,2.70
1.9901,1.99
1.9902,1.99
2.968,2.42
2.968,2.60
2.969,2.42
2.962,2.212
2.962,2.36
2.963,2.40
2.963,2.26
2.960,2.39
2.960,2.215
2.967,2.42
2.967,2.60
2.965,2.40
2.965,2.36
2.965,2.26
2.1413,2.78
2.1413,2.63
2.1410,2.19
2.816,2.41
2.817,2.127
2.817,2.60
2.817,2.11
2.817,2.32
2.814,2.67
2.814,2.59
2.814,2.63
2.814,2.68
2.814,2.211
2.2281,2.51
2.2281,2.76
2.812,2.11
2.812,2.32
2.813,2.60
2.813,2.11
2.813,2.32
2.810,2.51
2.810,2.50
2.810,2.76
2.811,2.11
2.811,2.32
2.818,2.204
2.818,2.11
2.819,2.51
2.819,2.50
2.819,2.47
2.819,2.32
2.218,2.39
2.219,2.39
2.2586,2.33
2.748,2.67
2.748,2.57
2.748,2.68
2.748,2.78
2.749,2.119
2.749,2.19
2.210,2.37
2.210,2.121
2.747,2.96
2.744,2.126
2.744,2.227
2.213,2.45
2.213,2.55
2.213,2.47
2.213,2.208
2.213,2.39
2.213,2.20
2.742,2.96
2.742,2.155
2.742,2.103
2.743,2.96
2.743,2.155
2.216,2.19
2.217,2.27
2.217,2.32
2.243,2.92
2.243,2.47
2.243,2.208
2.243,2.19
2.243,2.20
2.243,2.45
2.3013,2.128
2.2398,2.122
2.2399,2.208
2.2394,2.42
2.2394,2.60
2.2394,2.11
2.2395,2.122
2.2390,2.203
2.241,2.221
2.2392,2.54
2.2408,2.96
2.2408,2.155
2.2409,2.155
2.2158,2.119
2.1048,2.227
2.2156,2.119
2.2157,2.119
2.2154,2.119
2.2155,2.119
2.2400,2.122
2.2401,2.122
2.2402,2.122
2.2151,2.216
2.797,2.185
2.2721,2.92
2.1988,2.116
2.8889,2.36
2.1989,2.116
2.105,2.210
2.105,2.33
2.106,2.210
2.106,2.33
2.100,2.67
2.100,2.68
2.2851,2.129
2.103,2.204
2.103,2.75
2.103,2.68
2.108,2.79
2.108,2.37
2.108,2.91
2.108,2.165
2.108,2.212
2.108,2.65
2.108,2.109
2.108,2.216
2.109,2.66
2.109,2.78
2.109,2.59
2.109,2.208
2.1571,2.203
2.1570,2.203
2.1570,2.130
2.1573,2.66
2.1573,2.207
2.1573,2.68
2.1572,2.68
2.1575,2.54
2.1577,2.59
2.1577,2.208
2.1576,2.210
2.1576,2.54
2.1578,2.210
2.1578,2.54
2.588,2.42
2.588,2.11
2.589,2.204
2.589,2.11
2.2723,2.92
2.1047,2.227
2.581,2.79
2.2712,2.125
2.1828,2.185
2.584,2.220
2.584,2.50
2.585,2.65
2.585,2.165
2.586,2.47
2.586,2.204
2.586,2.76
2.2717,2.97
2.360,2.11
2.362,2.96
2.362,2.62
2.2973,2.196
2.2974,2.45
2.2974,2.102
2.365,2.221
2.365,2.39
2.365,2.102
2.2976,2.119
2.2977,2.127
2.2978,2.127
2.2979,2.127
2.567,2.192
2.564,2.66
2.564,2.213
2.564,2.54
2.565,2.36
2.562,2.215
2.2675,2.185
2.560,2.211
2.560,2.37
2.560,2.59
2.561,2.22
2.561,2.215
2.561,2.24
2.2478,2.114
2.569,2.42
2.569,2.143
2.569,2.60
2.2574,2.118
2.2574,2.128
2.2575,2.42
2.1379,2.70
2.1379,2.75
2.2577,2.143
2.2571,2.65
2.2571,2.165
2.2572,2.36
2.2573,2.118
2.2573,2.128
2.1373,2.210
2.1373,2.220
2.1373,2.50
2.1373,2.54
2.1372,2.204
2.1372,2.215
2.1372,2.60
2.1372,2.119
2.1372,2.19
2.1372,2.27
2.1370,2.13
2.1377,2.207
2.1377,2.78
2.2579,2.109
2.1374,2.208
2.2374,2.65
2.2374,2.165
2.2375,2.65
2.2375,2.165
2.1179,2.36
2.1179,2.33
2.1178,2.40
2.1178,2.26
2.2370,2.165
2.2371,2.65
2.2371,2.165
2.1175,2.11
2.1175,2.32
2.1174,2.127
2.1174,2.27
2.1176,2.127
2.1176,2.132
2.1176,2.60
2.1176,2.76
2.1171,2.127
2.1171,2.11
2.1171,2.32
2.1170,2.26
2.1173,2.79
2.1173,2.37
2.1173,2.46
2.1173,2.212
2.1173,2.65
2.1173,2.109
2.1173,2.216
2.1172,2.127
2.1172,2.60
2.1172,2.11
2.1172,2.32
2.1395,2.221
2.1395,2.92
2.1394,2.39
2.1394,2.114
2.1397,2.196
2.1396,2.221
2.1396,2.92
2.1391,2.22
2.1391,2.24
2.1391,2.217
2.1390,2.215
2.1390,2.27
2.1390,2.32
2.1393,2.213
2.1392,2.213
2.2475,2.114
2.2477,2.114
2.2476,2.114
2.2471,2.185
2.2470,2.185
2.1719,2.96
1.1139,1.11
2.1448,2.92
2.1448,2.24
2.2473,2.33
2.1711,2.40
2.1711,2.62
2.1711,2.60
2.1711,2.76
2.1711,2.126
2.1711,2.127
2.1711,2.11
2.1710,2.96
2.1710,2.204
2.1713,2.220
2.1713,2.54
2.1713,2.208
2.2472,2.185
2.1715,2.96
2.1715,2.155
2.1715,2.103
2.1714,2.11
1.1136,1.11
1.1137,1.11
2.427,2.39
2.1960,2.11
2.2694,2.107
2.1961,2.122
2.1961,2.227
2.2697,2.157
2.2697,2.63
2.424,2.39
2.424,2.117
2.1959,2.32
2.1958,2.51
2.1958,2.50
2.1958,2.47
2.1958,2.32
2.1956,2.66
2.1955,2.125
2.1955,2.13
2.1954,2.13
2.1950,2.51
2.1950,2.50
2.388,2.185
2.2692,2.107
2.1005,2.211
2.1005,2.91
2.1004,2.220
2.1004,2.21
2.1004,2.214
2.1004,2.91
2.1004,2.211
2.1007,2.62
2.1006,2.211
2.1006,2.24
2.1006,2.91
2.1001,2.92
2.1001,2.217
2.1000,2.92
2.1000,2.217
2.1003,2.124
2.1003,2.204
2.1003,2.123
2.1003,2.60
2.1003,2.215
2.387,2.210
2.387,2.34
2.387,2.33
2.1009,2.192
2.1008,2.51
2.1008,2.50
2.1008,2.45
2.1008,2.19
2.1008,2.47
2.2923,2.120
2.385,2.212
2.382,2.36
2.382,2.214
2.383,2.212
1.125,1.1
1.124,1.1
1.127,1.1
1.126,1.1
1.121,1.1
1.120,1.1
1.123,1.1
1.122,1.1
2.381,2.34
1.129,1.1
1.128,1.1
2.3432,2.78
2.3433,2.78
2.3430,2.78
2.3431,2.78
2.3436,2.221
2.3434,2.78
2.3435,2.95
2.3438,2.37
2.3438,2.121
2.3439,2.60
2.796,2.212
2.1631,2.221
2.1142,2.51
2.1142,2.50
2.1142,2.92
2.3388,2.217
2.3389,2.54
2.3384,2.210
2.3385,2.208
2.3386,2.221
2.3387,2.126
2.3387,2.40
2.3387,2.36
2.3387,2.26
2.3387,2.34
2.3380,2.216
2.3381,2.34
2.3382,2.227
2.3383,2.227
2.1143,2.51
2.1143,2.50
2.1143,2.92
2.3366,2.185
2.3367,2.45
2.3364,2.21
2.3365,2.185
2.3362,2.21
2.3363,2.21
2.3360,2.21
2.3361,2.21
2.3368,2.45
2.3368,2.102
2.3369,2.20
2.3369,2.47
2.3369,2.45
2.3369,2.208
2.957,2.39
2.957,2.215
2.956,2.220
2.956,2.59
2.956,2.39
2.956,2.45
2.956,2.215
2.955,2.220
2.955,2.59
2.955,2.39
2.955,2.45
2.955,2.215
2.954,2.39
2.954,2.215
2.950,2.40
2.950,2.42
2.502,2.34
2.502,2.6
2.502,2.33
2.2599,2.60
2.959,2.39
2.959,2.215
2.3098,2.62
2.3098,2.76
2.1527,2.211
2.1527,2.68
2.3092,2.97
2.3092,2.62
2.3092,2.76
2.3095,2.21
2.1190,2.227
2.1257,2.24
2.1520,2.34
2.1520,2.6
2.1520,2.33
2.1520,2.208
2.1489,2.62
2.1229,2.54
2.493,2.67
2.493,2.7
2.493,2.63
2.493,2.33
2.493,2.78
2.823,2.206
2.823,2.32
2.822,2.34
2.822,2.33
2.822,2.67
2.822,2.63
2.822,2.7
2.822,2.6
2.3166,2.115
2.820,2.206
2.820,2.32
2.827,2.214
2.827,2.36
2.827,2.26
2.826,2.39
2.3162,2.55
2.3162,2.114
2.824,2.39
2.824,2.117
2.2354,2.185
2.829,2.40
2.829,2.42
2.828,2.33
2.3168,2.78
2.2355,2.185
2.1228,2.210
2.1228,2.51
2.1228,2.50
2.1228,2.19
2.2356,2.185
2.773,2.51
2.773,2.50
2.773,2.47
2.773,2.32
2.772,2.51
2.772,2.50
2.772,2.47
2.772,2.32
2.771,2.157
2.771,2.57
2.770,2.220
2.770,2.211
2.777,2.207
2.777,2.78
2.777,2.210
2.777,2.115
2.777,2.32
2.776,2.13
2.776,2.216
2.776,2.91
2.774,2.212
2.774,2.50
2.2389,2.203
2.2388,2.203
2.2383,2.203
2.2387,2.203
2.2387,2.130
2.1483,2.217
2.2385,2.203
2.2384,2.34
2.2384,2.203
2.2418,2.143
2.2418,2.214
2.2149,2.111
2.2148,2.155
2.2148,2.76
2.2148,2.62
2.2148,2.103
2.2412,2.155
2.2147,2.155
2.2147,2.76
2.2147,2.62
2.2147,2.103
2.2146,2.155
2.2146,2.76
2.2146,2.62
2.2146,2.103
2.2141,2.119
2.2416,2.185
2.2416,2.122
2.2143,2.111
2.2142,2.119
2.2600,2.60
2.2601,2.60
2.171,2.66
2.171,2.67
2.171,2.68
2.171,2.54
2.170,2.37
2.173,2.211
2.173,2.37
2.173,2.59
2.172,2.78
2.172,2.63
2.175,2.67
2.175,2.7
2.175,2.63
2.175,2.68
2.175,2.215
2.174,2.39
2.174,2.45
2.174,2.217
2.176,2.41
2.179,2.220
2.179,2.50
2.178,2.47
2.1548,2.51
2.1548,2.50
2.1548,2.32
2.1548,2.76
2.1548,2.127
2.1548,2.11
2.1549,2.11
2.1549,2.32
2.1544,2.221
2.1545,2.41
2.1545,2.91
2.1545,2.55
2.1545,2.216
2.1545,2.120
2.1545,2.24
2.1546,2.27
2.1546,2.32
2.1547,2.111
2.1540,2.60
2.1225,2.20
2.1225,2.47
2.1225,2.45
2.1225,2.208
2.1542,2.119
2.1542,2.27
2.1543,2.92
2.1543,2.204
2.1543,2.215
2.1543,2.22
2.1543,2.124
2.1543,2.131
2.1543,2.123
2.2706,2.67
2.2706,2.57
2.2706,2.68
2.2706,2.78
2.2705,2.155
2.2704,2.118
2.2701,2.127
2.2701,2.11
2.2700,2.227
2.2709,2.79
2.399,2.214
2.399,2.36
2.399,2.26
2.398,2.210
2.398,2.33
2.2968,2.212
2.2968,2.65
2.2968,2.46
2.395,2.54
2.2966,2.212
2.2966,2.65
2.2966,2.46
2.2965,2.212
2.2965,2.65
2.2965,2.46
2.396,2.66
2.396,2.54
2.2963,2.102
2.2962,2.102
2.2961,2.102
2.2960,2.102
2.552,2.78
2.552,2.68
2.552,2.204
2.552,2.75
2.552,2.63
2.552,2.60
2.552,2.113
2.550,2.78
2.550,2.204
2.550,2.75
2.550,2.63
2.550,2.68
2.557,2.22
2.557,2.27
2.557,2.217
2.556,2.206
2.555,2.54
2.554,2.75
2.554,2.54
2.1227,2.210
2.1227,2.34
2.1227,2.33
2.559,2.215
2.2563,2.66
2.2567,2.55
2.2566,2.13
2.2565,2.13
2.2564,2.13
2.1509,2.22
2.1509,2.131
2.1509,2.92
2.2569,2.55
2.2568,2.55
2.2568,2.121
2.481,2.206
2.481,2.203
2.481,2.70
2.2367,2.117
2.1499,2.207
2.1499,2.109
2.1499,2.115
2.1499,2.27
2.2361,2.36
2.2361,2.33
2.484,2.59
2.484,2.208
2.2363,2.79
2.2363,2.212
2.2363,2.65
2.2363,2.203
2.2363,2.46
2.2362,2.34
2.2362,2.203
2.1492,2.51
2.1492,2.50
2.1492,2.55
2.1492,2.19
2.1492,2.6
2.1141,2.221
2.1141,2.19
2.1490,2.39
2.1490,2.45
2.1490,2.217
2.1491,2.41
2.1144,2.22
2.1144,2.24
2.1145,2.96
2.1145,2.155
2.1494,2.62
2.1495,2.66
2.1495,2.213
2.1495,2.54
2.1818,2.111
2.1819,2.111
2.1816,2.111
2.1817,2.111
2.1814,2.111
2.1815,2.111
2.1812,2.111
2.1810,2.111
2.1811,2.111
2.1724,2.63
2.1725,2.157
2.1725,2.57
2.1726,2.157
2.1726,2.57
2.1720,2.157
2.1720,2.63
2.1721,2.157
2.1721,2.63
2.1722,2.63
2.1723,2.63
2.1728,2.95
2.1729,2.155
2.1729,2.103
2.1220,2.92
2.1220,2.24
2.211,2.217
2.211,2.45
2.211,2.215
2.212,2.51
2.212,2.50
2.212,2.45
2.212,2.208
2.212,2.47
2.212,2.19
2.212,2.20
2.212,2.117
2.745,2.65
2.745,2.165
2.214,2.59
2.214,2.63
2.215,2.41
2.1223,2.92
2.1223,2.24
2.1928,2.132
2.1922,2.157
2.1920,2.157
2.1921,2.157
2.1926,2.36
2.1926,2.11
2.1926,2.132
2.1927,2.11
2.1927,2.132
2.1925,2.36
2.1925,2.11
2.1925,2.132
2.1222,2.92
2.1222,2.24
2.1030,2.23
2.1030,2.150
2.1033,2.210
2.1033,2.143
2.1034,2.157
2.1034,2.57
2.1035,2.127
2.1035,2.60
2.1035,2.76
2.1036,2.213
2.1037,2.51
2.1037,2.50
2.1037,2.45
2.1037,2.19
2.1037,2.47
2.1039,2.217
2.1039,2.45
2.1039,2.215
2.189,2.60
1.136,1.1
1.137,1.1
1.134,1.1
1.135,1.1
1.132,1.1
1.133,1.1
1.130,1.1
1.131,1.1
1.138,1.1
1.139,1.1
2.3420,2.204
2.3423,2.11
2.3423,2.132
2.3422,2.54
2.3425,2.213
2.3424,2.213
2.3427,2.213
2.2852,2.129
2.3429,2.78
2.3428,2.78
2.2507,2.127
2.2850,2.129
2.2503,2.125
2.2502,2.125
2.1289,2.59
2.1289,2.213
2.2227,2.39
2.2859,2.130
2.3399,2.143
2.2858,2.130
2.3393,2.60
2.1324,2.119
2.1324,2.19
2.3391,2.51
2.3391,2.50
2.3391,2.55
2.3391,2.19
2.3391,2.6
2.3390,2.220
2.3390,2.37
2.3397,2.214
2.3396,2.214
2.3395,2.214
2.1637,2.204
2.1637,2.75
2.1637,2.68
2.2404,2.122
2.2405,2.122
2.2406,2.122
2.3375,2.21
2.3374,2.79
2.3377,2.113
2.2407,2.155
2.3371,2.192
2.3371,2.92
2.3370,2.221
2.3373,2.79
2.3372,2.46
2.3379,2.216
2.3378,2.24
2.3378,2.41
2.3378,2.55
2.3378,2.216
2.3378,2.120
2.1479,2.217
2.940,2.206
2.940,2.70
2.941,2.79
2.941,2.37
2.941,2.46
2.941,2.165
2.941,2.212
2.941,2.65
2.941,2.109
2.941,2.216
2.942,2.92
2.943,2.23
2.943,2.13
2.943,2.150
2.945,2.23
2.945,2.13
2.945,2.150
2.946,2.40
2.946,2.36
2.946,2.26
2.946,2.208
2.947,2.40
2.947,2.34
2.947,2.36
2.947,2.208
2.947,2.126
2.947,2.26
2.949,2.20
2.949,2.47
2.949,2.45
2.949,2.208
2.2691,2.107
2.3329,2.217
2.3173,2.62
2.3177,2.130
2.3176,2.130
2.3175,2.130
2.3174,2.113
2.3174,2.54
2.835,2.36
2.3178,2.130
2.830,2.36
2.830,2.26
2.831,2.157
2.831,2.57
2.831,2.54
2.1300,2.92
2.1300,2.114
2.9441,2.116
2.9440,2.210
2.9440,2.34
2.9440,2.33
2.2693,2.107
2.2178,2.185
STOP_864e926c-d4df-4704-a3b6-bdc281edc3b7,ROUTE_a31f1bda-7f0f-4922-a1e6-a8d6e6a5e757
2.162,2.34
2.163,2.79
2.1281,2.45
2.2784,2.117
2.166,2.210
2.166,2.20
2.167,2.212
2.167,2.50
2.167,2.59
2.164,2.119
2.164,2.19
2.165,2.37
2.165,2.63
2.168,2.34
2.168,2.7
2.168,2.6
2.168,2.33
2.168,2.208
2.2282,2.51
2.2282,2.76
2.1559,2.216
2.1558,2.37
2.1558,2.121
2.2287,2.68
2.1553,2.65
2.1553,2.165
2.1552,2.96
2.1552,2.155
2.1552,2.103
2.2288,2.68
2.2289,2.36
2.2289,2.214
2.1557,2.13
2.1556,2.212
2.1556,2.50
2.1555,2.66
2.1555,2.41
2.1555,2.54
2.1554,2.41
2.1554,2.59
2.1554,2.208
2.1554,2.27
2.1554,2.32
2.2772,2.192
2.2773,2.119
2.2770,2.124
2.2771,2.124
2.2776,2.24
2.2776,2.32
2.2775,2.23
2.2778,2.117
2.2779,2.117
2.764,2.204
2.764,2.75
2.764,2.68
2.765,2.78
2.765,2.63
2.766,2.67
2.766,2.75
2.760,2.203
2.761,2.78
2.761,2.68
2.761,2.204
2.761,2.75
2.761,2.63
2.761,2.60
2.762,2.78
2.762,2.204
2.762,2.75
2.762,2.63
2.762,2.68
2.763,2.78
2.763,2.204
2.763,2.75
2.763,2.63
2.763,2.68
2.768,2.39
2.768,2.117
2.769,2.127
2.769,2.60
2.613,2.213
2.1963,2.122
2.1963,2.227
2.389,2.79
2.389,2.37
2.389,2.91
2.389,2.46
2.389,2.165
2.389,2.212
2.389,2.65
2.389,2.109
2.389,2.216
2.2912,2.185
2.2913,2.36
2.2910,2.26
2.2910,2.227
2.2911,2.19
2.2911,2.76
2.2916,2.115
2.2917,2.40
2.2917,2.26
2.2914,2.36
2.2914,2.11
2.2915,2.36
2.2915,2.26
2.2915,2.11
2.548,2.113
2.548,2.75
2.548,2.33
2.548,2.54
2.549,2.78
2.549,2.204
2.549,2.75
2.549,2.63
2.549,2.68
2.544,2.119
2.544,2.217
2.545,2.119
2.546,2.119
2.546,2.217
2.547,2.7
2.540,2.40
2.540,2.42
2.540,2.26
2.540,2.212
2.541,2.210
2.541,2.33
2.542,2.210
2.542,2.33
2.543,2.40
2.543,2.42
2.543,2.214
2.543,2.6
2.1157,2.67
2.1156,2.67
2.1155,2.65
2.1155,2.165
2.1153,2.65
2.1153,2.165
2.1150,2.221
2.2594,2.204
2.2594,2.11
2.2595,2.126
2.2595,2.127
2.2595,2.60
2.2592,2.60
2.2593,2.204
2.2593,2.11
2.2590,2.204
2.2590,2.11
2.1158,2.40
2.1158,2.204
2.492,2.78
2.492,2.33
2.492,2.67
2.492,2.75
2.492,2.63
2.492,2.7
2.1488,2.211
2.1488,2.37
2.1488,2.59
2.2353,2.185
2.496,2.40
2.496,2.204
2.497,2.27
2.497,2.11
2.497,2.32
2.494,2.78
2.494,2.33
2.494,2.34
2.494,2.66
2.494,2.67
2.494,2.63
2.494,2.7
2.494,2.6
2.495,2.206
2.495,2.39
2.495,2.55
2.495,2.32
2.2606,2.125
2.2607,2.116
2.2604,2.62
2.2604,2.76
2.2605,2.62
2.2605,2.76
2.1485,2.78
2.1484,2.33
2.1487,2.127
2.1487,2.60
2.1486,2.78
2.2827,2.21
2.1809,2.104
2.1809,2.103
2.1808,2.104
2.1808,2.103
2.2821,2.21
2.1805,2.103
2.1804,2.111
2.1806,2.104
2.1806,2.103
2.1801,2.104
2.1801,2.102
2.1801,2.103
2.1800,2.104
2.1800,2.103
2.1803,2.111
2.1802,2.111
2.2655,2.124
2.1733,2.62
2.1733,2.76
2.1732,2.104
2.1732,2.62
2.1732,2.76
2.1731,2.104
2.1731,2.62
2.1731,2.76
2.1730,2.104
2.1730,2.62
2.1730,2.76
2.1737,2.78
2.1736,2.37
2.1736,2.21
2.1739,2.78
2.2304,2.128
2.1472,2.196
2.1473,2.196
2.2828,2.21
2.1939,2.206
2.1938,2.206
2.1938,2.70
2.1930,2.132
2.1933,2.132
2.1932,2.36
2.1932,2.11
2.1932,2.132
2.1935,2.132
2.1937,2.45
2.1937,2.19
2.1936,2.54
2.2493,2.125
2.663,2.42
2.1539,2.60
2.662,2.221
2.662,2.59
2.662,2.36
2.662,2.92
2.662,2.227
2.1028,2.40
2.1028,2.204
2.1025,2.60
2.1024,2.11
2.1023,2.11
2.1022,2.216
2.1021,2.60
2.1020,2.204
2.1020,2.215
2.1020,2.60
2.1020,2.119
2.1020,2.19
2.1020,2.27
2.2495,2.125
2.666,2.42
2.582,2.65
2.582,2.165
2.3418,2.21
2.3419,2.24
2.3414,2.96
2.3414,2.155
2.3414,2.103
2.3415,2.157
2.3415,2.57
2.3416,2.157
2.3416,2.57
2.3417,2.214
2.3410,2.79
2.3411,2.155
2.3412,2.155
2.3413,2.96
2.3413,2.155
2.2716,2.33
2.2970,2.212
2.2970,2.65
2.2970,2.46
STOP_ef7fe1c8-745f-4df8-8256-1d850b4c0657,ROUTE_dc5b9427-8dab-46bd-b655-d7e23922ca6c
STOP_ef7fe1c8-745f-4df8-8256-1d850b4c0657,ROUTE_b9c0837f-acf1-4c69-b390-dea936d5bcb5
2.195,2.203
2.364,2.227
2.366,2.221
2.3040,2.95
2.369,2.55
2.3047,2.46
2.2301,2.128
2.909,2.91
2.2249,2.23
2.1166,2.126
2.1166,2.96
2.1166,2.62
2.3342,2.210
2.3343,2.210
2.3344,2.11
2.3345,2.11
2.3346,2.11
2.3347,2.7
2.3348,2.220
2.3348,2.59
2.3348,2.45
2.3349,2.210
2.3048,2.46
2.2020,2.116
2.793,2.221
2.48,2.221
2.48,2.204
2.48,2.27
2.48,2.60
2.48,2.76
2.1298,2.7
2.1298,2.212
2.1298,2.62
2.1298,2.6
2.1164,2.220
2.1164,2.59
2.1164,2.39
2.1164,2.45
2.1164,2.215
2.1536,2.213
2.207,2.210
2.1531,2.204
2.1531,2.75
2.1789,2.65
2.1789,2.46
2.849,2.217
2.849,2.92
2.849,2.129
2.848,2.217
2.848,2.92
2.848,2.129
2.1159,2.40
2.1159,2.204
2.3189,2.196
2.3189,2.60
2.841,2.20
2.841,2.217
2.841,2.39
2.841,2.45
2.841,2.47
2.3187,2.155
2.3184,2.196
2.3185,2.196
2.3182,2.96
2.844,2.109
2.847,2.217
2.847,2.92
2.847,2.129
2.3181,2.127
2.2345,2.210
2.160,2.70
2.794,2.40
2.794,2.42
2.1378,2.75
2.1378,2.59
2.1378,2.203
2.1378,2.70
2.2162,2.26
2.1449,2.92
2.1449,2.24
2.629,2.207
2.629,2.78
2.629,2.210
2.628,2.66
2.628,2.54
2.159,2.42
2.159,2.60
2.159,2.11
2.624,2.127
2.624,2.51
2.627,2.66
2.627,2.54
2.154,2.204
2.154,2.11
2.154,2.132
2.153,2.42
2.152,2.96
2.152,2.103
2.151,2.67
2.151,2.57
2.151,2.68
2.151,2.78
2.622,2.66
2.622,2.207
2.622,2.68
2.2293,2.216
2.2295,2.216
2.2294,2.216
2.2299,2.128
2.2298,2.128
2.8898,2.36
2.2761,2.124
2.2760,2.117
2.2763,2.124
2.2762,2.124
2.2765,2.124
2.2764,2.124
2.2767,2.124
2.2766,2.124
2.2769,2.124
2.2768,2.124
2.711,2.78
2.711,2.63
2.713,2.124
2.713,2.123
2.713,2.27
2.712,2.204
2.717,2.40
2.717,2.42
2.717,2.212
2.716,2.212
2.719,2.21
2.2372,2.65
2.2373,2.65
2.2373,2.165
2.2909,2.26
2.2909,2.227
2.2908,2.26
2.2908,2.227
2.491,2.70
2.491,2.203
STOP_1027fae3-1e44-41b0-9431-7c0906e1ec15,ROUTE_e786161c-a853-4b24-809e-0599ce254d66
2.2901,2.26
2.2900,2.26
2.2903,2.26
2.2902,2.26
2.2905,2.26
2.2904,2.26
2.2907,2.26
2.2907,2.216
2.2906,2.26
2.3358,2.63
2.531,2.204
2.531,2.75
2.533,2.27
2.532,2.204
2.532,2.75
2.534,2.204
2.534,2.215
2.534,2.60
2.534,2.124
2.534,2.131
2.534,2.123
2.537,2.78
2.536,2.78
2.1122,2.24
2.1122,2.32
2.1123,2.27
2.1123,2.32
2.1120,2.206
2.2589,2.204
2.2589,2.11
2.2588,2.11
2.2588,2.208
2.1124,2.41
2.1124,2.55
2.1124,2.68
2.1124,2.67
2.1124,2.59
2.1124,2.213
2.1124,2.216
2.1124,2.24
2.2585,2.27
2.2585,2.227
2.2585,2.47
2.2584,2.213
2.1128,2.40
2.1128,2.42
2.1128,2.216
2.1129,2.214
2.1129,2.51
2.1129,2.39
2.2581,2.55
2.2581,2.150
2.2583,2.204
2.2583,2.11
2.2583,2.208
2.2582,2.45
2.2619,2.11
2.2618,2.220
2.2618,2.214
2.2349,2.19
2.2348,2.19
2.2347,2.40
2.2347,2.42
2.2617,2.220
2.2617,2.213
2.2617,2.214
2.2617,2.91
2.2616,2.122
2.2616,2.227
2.2343,2.213
2.2610,2.62
2.2610,2.76
2.2341,2.55
2.2835,2.115
2.2835,2.91
2.2834,2.40
2.2834,2.42
2.2834,2.214
2.2834,2.6
2.2837,2.115
2.2837,2.91
2.2836,2.115
2.2836,2.91
2.2831,2.20
2.2833,2.47
2.2832,2.20
2.1832,2.42
2.1832,2.60
2.1832,2.11
2.1834,2.20
2.2838,2.123
2.445,2.39
2.444,2.55
2.447,2.39
2.447,2.55
2.447,2.32
2.446,2.39
2.446,2.117
2.441,2.119
2.441,2.217
2.440,2.51
2.440,2.50
2.440,2.76
2.442,2.211
2.442,2.37
2.1447,2.24
2.449,2.37
2.449,2.203
2.449,2.109
2.449,2.216
1.1140,1.11
2.1580,2.27
2.1580,2.32
2.1581,2.206
2.1582,2.206
2.1583,2.66
2.1584,2.66
2.1584,2.130
2.1585,2.66
2.1585,2.130
2.1238,2.75
2.1239,2.157
2.1239,2.220
2.1239,2.57
2.1239,2.54
1.936,1.10
2.1237,2.39
2.1237,2.117
1.934,1.10
2.1235,2.45
2.1235,2.19
2.1232,2.51
2.1232,2.50
2.1232,2.45
2.1232,2.19
2.1232,2.47
1.933,1.94
1.933,1.10
2.1230,2.7
2.1230,2.212
2.1230,2.62
2.1230,2.6
2.1231,2.40
2.1231,2.42
2.1904,2.54
2.1905,2.59
2.1905,2.213
2.1906,2.51
2.1906,2.50
2.1906,2.227
2.1906,2.47
2.1906,2.32
2.1906,2.132
2.1907,2.51
2.1907,2.50
2.1907,2.47
2.1907,2.206
2.1907,2.32
2.1907,2.122
2.1900,2.227
2.1901,2.104
2.1903,2.157
2.1908,2.62
2.2551,2.54
2.2221,2.118
STOP_d3ca4cd4-ea2f-41f5-9f84-b651307ee008,ROUTE_257c7c2c-ba39-4ce2-9926-2fa499e54ff4
2.1058,2.211
2.1058,2.24
2.1058,2.120
2.1059,2.55
2.1052,2.157
2.1052,2.63
2.1053,2.157
2.1053,2.63
2.1051,2.45
2.1051,2.102
2.1057,2.91
2.1054,2.157
2.1054,2.63
1.118,1.1
1.119,1.1
1.114,1.1
1.115,1.1
1.116,1.1
1.117,1.1
1.111,1.1
1.112,1.1
1.113,1.1
2.692,2.107
2.3409,2.79
2.3408,2.79
2.3402,2.40
2.3402,2.127
2.3402,2.11
2.3401,2.6
2.3400,2.6
2.3407,2.210
2.3406,2.42
2.3405,2.42
2.3404,2.206
2.3404,2.34
2.3404,2.227
2.3404,2.132
2.693,2.107
2.3340,2.210
2.3359,2.21
2.3341,2.34
2.3341,2.51
2.3341,2.50
2.3341,2.33
2.3341,2.210
2.3341,2.19
2.3357,2.54
2.3356,2.214
2.3353,2.210
2.3352,2.210
2.3351,2.210
2.3350,2.210
1.1138,1.11
2.1420,2.204
2.1718,2.155
2.1718,2.103
2.1427,2.204
2.1427,2.27
2.1427,2.60
2.1427,2.76
2.9390,2.212
2.1879,2.7
2.1658,2.78
2.2489,2.126
2.1307,2.55
2.915,2.221
2.915,2.59
2.915,2.36
2.915,2.92
2.915,2.227
STOP_68a87267-7211-4a21-9374-ab470f8248c2,ROUTE_930ca19d-d3e8-4b79-82b8-1a6c50054b05
2.1302,2.40
2.1302,2.42
2.1302,2.214
2.858,2.203
2.859,2.192
2.859,2.51
2.859,2.50
2.859,2.45
2.859,2.208
2.859,2.47
2.859,2.19
2.859,2.20
2.859,2.117
2.1717,2.96
2.1717,2.103
2.2034,2.119
2.852,2.92
2.852,2.217
2.853,2.92
2.853,2.217
2.850,2.217
2.850,2.92
2.850,2.129
2.1716,2.96
2.1716,2.155
2.1716,2.103
2.3191,2.196
2.3190,2.192
2.854,2.75
2.855,2.54
2.2112,2.128
2.2113,2.128
2.2110,2.128
2.2111,2.128
2.2116,2.128
2.2117,2.128
2.2114,2.128
2.2115,2.128
2.2228,2.60
2.148,2.40
2.148,2.42
2.148,2.55
2.148,2.39
2.148,2.216
2.148,2.19
2.149,2.7
2.149,2.212
2.149,2.50
2.149,2.62
2.149,2.54
2.638,2.96
2.638,2.155
2.638,2.103
2.639,2.96
2.639,2.155
2.639,2.103
2.140,2.220
2.140,2.121
2.141,2.41
2.141,2.55
2.141,2.91
2.634,2.221
2.634,2.19
2.635,2.51
2.635,2.50
2.635,2.117
2.632,2.78
2.633,2.20
2.633,2.47
2.633,2.45
2.633,2.208
2.146,2.20
2.146,2.47
2.146,2.39
2.146,2.45
2.146,2.208
2.147,2.34
2.147,2.6
2.147,2.33
2.2758,2.117
2.2759,2.117
2.2028,2.119
2.2029,2.119
2.2026,2.119
2.2024,2.119
2.2025,2.119
2.2750,2.143
2.2750,2.214
2.2023,2.119
2.2752,2.132
2.2753,2.132
2.702,2.66
2.702,2.130
2.703,2.24
2.703,2.41
2.703,2.55
2.703,2.216
2.703,2.91
2.700,2.227
2.700,2.216
2.701,2.66
2.701,2.207
2.707,2.220
2.707,2.50
2.704,2.221
2.704,2.204
2.704,2.27
2.704,2.60
2.704,2.76
2.705,2.62
2.705,2.208
2.708,2.220
2.708,2.50
2.709,2.59
2.709,2.208
2.516,2.206
2.516,2.203
2.516,2.70
2.2554,2.116
2.528,2.68
2.529,2.206
2.529,2.70
2.529,2.211
2.522,2.68
2.523,2.68
2.520,2.34
2.520,2.6
2.526,2.211
2.526,2.70
2.527,2.211
2.527,2.70
2.524,2.34
2.524,2.33
2.524,2.67
2.524,2.63
2.524,2.7
2.524,2.6
2.525,2.211
2.525,2.68
2.1131,2.227
2.1130,2.51
2.1130,2.39
2.1130,2.120
2.1133,2.143
2.1133,2.36
2.1135,2.39
2.9313,2.79
2.9313,2.220
2.9313,2.37
2.9313,2.46
2.9313,2.165
2.9313,2.65
2.1136,2.22
2.1136,2.7
2.1136,2.215
2.1136,2.24
2.1138,2.6
2.1138,2.55
2.2628,2.128
2.2629,2.111
2.2620,2.40
2.2333,2.66
2.2330,2.104
2.2330,2.51
2.2330,2.62
2.2330,2.76
2.2623,2.155
2.2623,2.76
2.2623,2.103
2.2336,2.37
2.2336,2.203
2.2336,2.109
2.2336,2.216
2.2625,2.70
2.2626,2.39
2.2626,2.215
2.2627,2.128
2.2800,2.22
2.2800,2.217
2.2801,2.40
2.2801,2.11
2.2804,2.102
2.2805,2.104
2.2805,2.102
2.2805,2.103
2.2806,2.96
2.2806,2.155
2.2808,2.21
2.2809,2.21
2.454,2.126
2.454,2.34
2.454,2.208
2.455,2.96
2.455,2.62
2.455,2.227
2.455,2.208
2.453,2.40
2.453,2.11
2.450,2.37
2.450,2.203
2.450,2.109
2.450,2.216
2.458,2.206
2.458,2.7
2.458,2.33
2.459,2.206
2.459,2.39
2.459,2.55
2.459,2.32
2.2246,2.23
2.2935,2.155
1.909,1.91
2.2930,2.120
2.2931,2.111
2.1599,2.217
2.1599,2.45
2.1599,2.120
2.1599,2.215
2.2933,2.196
2.2933,2.60
1.903,1.91
2.1224,2.210
2.1224,2.34
2.1224,2.33
2.1595,2.104
2.1595,2.62
2.1595,2.76
2.1226,2.214
2.1226,2.216
1.907,1.91
1.906,1.91
1.905,1.91
1.904,1.91
2.1913,2.125
2.1913,2.13
2.1912,2.125
2.1912,2.13
2.1911,2.111
2.1910,2.132
2.1917,2.125
2.1917,2.13
2.1916,2.13
2.1915,2.13
2.1914,2.23
2.1914,2.13
2.1919,2.157
2.1919,2.78
2.129,2.27
2.126,2.210
2.695,2.107
2.697,2.40
2.697,2.42
2.697,2.214
2.697,2.6
2.690,2.107
2.691,2.107
2.1827,2.185
2.1826,2.55
2.1825,2.20
2.688,2.107
2.120,2.27
2.120,2.32
2.1821,2.111
2.1820,2.111
2.1040,2.42
2.1040,2.39
2.1040,2.55
2.1040,2.216
2.1043,2.65
2.1043,2.165
2.1042,2.65
2.1042,2.165
2.1045,2.23
2.1045,2.37
2.1045,2.203
2.1045,2.109
2.1044,2.65
2.1044,2.165
2.1829,2.157
2.1829,2.63
2.1046,2.23
2.1046,2.37
2.1046,2.203
2.1046,2.109
2.1002,2.27
2.2631,2.157
2.1459,2.67
2.1459,2.63
2.1459,2.68
2.1459,2.78
2.1104,2.92
2.1104,2.114
2.1107,2.51
2.1101,2.42
2.2638,2.78
2.1451,2.210
2.1451,2.33
2.3328,2.45
2.3328,2.217
2.1181,2.36
2.1181,2.33
2.2086,2.118
2.3322,2.203
2.3323,2.203
2.3320,2.216
2.3326,2.217
2.3324,2.210
2.3325,2.203
2.2088,2.118
2.2089,2.118
2.999,2.92
2.999,2.217
2.998,2.217
2.998,2.92
2.998,2.129
2.993,2.211
2.993,2.70
2.991,2.59
2.991,2.208
2.990,2.66
2.990,2.78
2.990,2.59
2.990,2.207
2.990,2.208
2.997,2.211
2.996,2.211
2.996,2.204
2.996,2.75
2.996,2.70
2.995,2.204
2.995,2.75
2.995,2.123
2.994,2.206
2.3218,2.113
2.3219,2.113
2.3216,2.92
2.3217,2.113
2.3214,2.125
2.3215,2.92
2.3212,2.125
2.3213,2.125
2.3210,2.125
2.3211,2.125
2.3036,2.95
2.3037,2.95
2.3034,2.95
2.3035,2.95
2.3032,2.22
2.3033,2.95
2.3030,2.39
2.3038,2.95
2.867,2.37
2.867,2.125
2.867,2.203
2.867,2.109
2.867,2.216
2.866,2.66
2.866,2.70
2.865,2.34
2.864,2.6
2.863,2.114
2.2819,2.21
2.861,2.20
2.868,2.79
2.868,2.37
2.868,2.46
2.868,2.165
2.868,2.212
2.868,2.65
2.868,2.109
2.868,2.216
2.2101,2.128
2.2100,2.128
2.2103,2.128
2.2102,2.128
2.2105,2.128
2.2104,2.128
2.840,2.221
2.2109,2.128
2.2108,2.128
2.9410,2.126
2.843,2.109
2.842,2.66
2.842,2.67
2.842,2.213
2.842,2.68
2.842,2.54
2.845,2.19
2.3180,2.122
2.609,2.67
2.609,2.57
2.609,2.68
2.608,2.65
2.608,2.165
2.2690,2.210
2.2690,2.54
2.603,2.42
2.603,2.204
2.603,2.60
2.603,2.11
2.607,2.204
2.607,2.27
2.607,2.60
2.607,2.76
2.605,2.204
2.605,2.215
2.605,2.60
2.604,2.55
2.9256,2.212
2.9253,2.36
2.9253,2.33
2.2748,2.192
2.2039,2.119
2.2038,2.119
2.2743,2.192
2.2742,2.192
2.2037,2.119
2.2740,2.192
2.2747,2.192
2.2746,2.192
2.2746,2.92
2.2745,2.192
2.2744,2.192
2.738,2.57
2.737,2.67
2.737,2.68
2.736,2.94
2.735,2.42
2.734,2.185
2.734,2.19
2.734,2.76
2.733,2.185
2.733,2.19
2.733,2.76
2.732,2.185
2.732,2.19
2.732,2.76
2.731,2.40
2.731,2.204
2.517,2.215
1.914,1.91
2.515,2.215
2.512,2.66
2.512,2.34
2.512,2.6
2.511,2.96
2.511,2.62
2.510,2.62
2.510,2.208
2.191,2.227
2.519,2.215
2.287,2.211
2.287,2.68
2.286,2.22
2.286,2.24
2.286,2.217
2.285,2.213
2.284,2.221
2.284,2.62
2.1699,2.143
2.281,2.22
2.281,2.7
2.281,2.215
2.281,2.24
2.280,2.55
2.280,2.121
2.1695,2.45
2.1695,2.102
2.1696,2.104
2.1696,2.155
2.1696,2.103
2.1697,2.157
2.1697,2.63
2.1690,2.65
2.1690,2.165
2.1691,2.65
2.1691,2.165
2.289,2.215
2.289,2.27
2.289,2.32
2.196,2.66
2.196,2.60
2.2637,2.78
2.2636,2.78
2.2635,2.78
2.9323,2.212
2.9323,2.7
2.1108,2.51
2.1108,2.39
2.1109,2.40
2.1109,2.42
2.1109,2.214
2.1109,2.6
2.1458,2.67
2.1458,2.63
2.1458,2.68
2.1458,2.78
2.2630,2.40
2.2630,2.11
2.1456,2.157
2.1456,2.63
2.1457,2.96
2.1457,2.155
2.1457,2.103
2.1454,2.42
2.1454,2.60
2.1455,2.42
2.1455,2.60
2.1455,2.11
2.1452,2.96
2.1453,2.42
2.1453,2.11
2.1102,2.78
2.1103,2.41
2.1103,2.42
2.1103,2.55
2.1103,2.216
2.1103,2.215
2.2329,2.51
2.2328,2.97
2.2328,2.51
2.2328,2.62
2.2328,2.76
2.2321,2.126
2.2321,2.96
2.2321,2.62
2.2321,2.127
2.2320,2.107
2.2323,2.204
2.2322,2.126
2.2322,2.204
2.2325,2.150
2.2324,2.55
2.2327,2.51
2.2326,2.150
1.222,1.2
1.223,1.2
1.220,1.2
1.221,1.2
1.226,1.2
1.227,1.2
1.224,1.2
1.225,1.2
2.2813,2.21
2.2812,2.21
2.2811,2.21
2.2810,2.21
2.460,2.39
2.460,2.55
2.460,2.32
2.466,2.40
2.466,2.42
2.466,2.212
2.464,2.212
2.469,2.143
2.469,2.36
2.1613,2.79
2.1613,2.110
2.193,2.143
2.193,2.36
1.915,1.91
1.916,1.91
1.910,1.91
1.911,1.91
1.912,1.91
1.913,1.91
2.199,2.216
2.198,2.66
2.198,2.130
2.198,2.60
1.918,1.91
2.2558,2.39
2.2558,2.215
2.2255,2.13
2.2254,2.95
2.2920,2.120
2.2927,2.120
2.2926,2.120
2.2925,2.120
2.2252,2.23
2.1210,2.24
2.1210,2.41
2.1210,2.42
2.1210,2.55
2.1210,2.216
2.1211,2.157
2.1211,2.63
2.2929,2.120
2.2928,2.120
2.2259,2.7
2.1215,2.92
2.1215,2.24
2.1216,2.92
2.1216,2.24
2.2250,2.23
2.2552,2.116
2.2553,2.116
2.1212,2.157
2.1212,2.63
2.1074,2.62
2.1075,2.50
2.1075,2.54
2.1075,2.66
2.1075,2.212
2.1075,2.213
2.1075,2.59
2.1076,2.24
2.1076,2.41
2.1076,2.55
2.1076,2.216
2.1076,2.91
2.1213,2.96
2.1070,2.7
2.1070,2.212
2.1070,2.50
2.1070,2.62
2.1070,2.54
2.1071,2.19
2.1072,2.210
2.1072,2.34
2.1072,2.51
2.1072,2.50
2.1072,2.33
2.1214,2.92
2.1214,2.24
2.1078,2.210
2.1078,2.20
2.1079,2.41
2.2557,2.60
2.1852,2.185
2.1852,2.39
2.1852,2.45
2.1850,2.115
2.1851,2.115
2.1856,2.185
2.1857,2.185
2.1857,2.215
2.1670,2.23
2.1670,2.37
2.1670,2.21
2.1670,2.203
2.1670,2.109
2.1671,2.37
2.1671,2.21
2.1858,2.185
2.1859,2.185
2.2725,2.215
2.2741,2.36
2.576,2.54
2.363,2.227
2.1835,2.20
2.3338,2.143
2.3338,2.214
2.1994,2.116
2.3333,2.66
2.3332,2.221
2.3335,2.185
2.3334,2.110
2.3337,2.143
2.3337,2.214
2.3336,2.143
2.3336,2.214
2.984,2.155
2.984,2.103
2.985,2.155
2.985,2.103
2.986,2.103
2.980,2.155
2.980,2.103
2.981,2.155
2.981,2.103
2.983,2.155
2.983,2.103
2.988,2.211
2.988,2.68
2.989,2.211
2.989,2.68
2.3209,2.51
2.3209,2.50
2.3209,2.45
2.3209,2.19
2.3209,2.47
2.3208,2.51
2.3208,2.50
2.3208,2.45
2.3208,2.47
2.3208,2.19
2.3208,2.117
2.156,2.227
2.3205,2.117
2.3204,2.117
2.3207,2.127
2.3206,2.66
2.3203,2.117
2.3025,2.127
2.3024,2.212
2.3024,2.65
2.3024,2.46
2.3026,2.127
2.3021,2.122
2.3020,2.122
2.3023,2.212
2.3023,2.65
2.3023,2.203
2.3023,2.46
2.621,2.227
2.3029,2.215
2.623,2.50
2.871,2.210
2.871,2.192
2.871,2.33
2.871,2.34
2.872,2.97
2.873,2.126
2.873,2.34
2.873,2.36
2.873,2.26
2.873,2.11
2.874,2.126
2.874,2.34
2.874,2.36
2.874,2.26
2.874,2.11
2.875,2.122
2.875,2.34
2.875,2.26
2.875,2.206
2.878,2.104
2.878,2.62
2.879,2.97
2.879,2.104
2.879,2.62
2.879,2.96
2.1403,2.227
2.789,2.55
2.8890,2.36
2.1407,2.19
2.8,2.13
2.8,2.150
2.2138,2.217
2.2139,2.96
2.783,2.20
2.783,2.47
2.783,2.92
2.783,2.45
2.783,2.208
2.2134,2.214
2.2134,2.36
2.2134,2.26
2.2,2.59
2.2,2.227
2.2,2.92
2.2,2.216
2.1,2.40
2.1,2.42
2.1,2.214
2.1,2.6
2.2137,2.110
2.7,2.212
2.7,2.50
2.2131,2.110
2.5,2.54
2.2133,2.110
2.1860,2.185
2.1855,2.185
2.1993,2.116
2.1992,2.116
2.1991,2.116
2.2008,2.117
2.2009,2.117
2.2550,2.54
2.2004,2.117
2.2005,2.117
2.2006,2.117
2.2007,2.117
2.728,2.42
2.728,2.60
2.729,2.42
2.729,2.60
2.1995,2.116
2.721,2.21
2.722,2.220
2.722,2.21
2.722,2.214
2.722,2.211
2.723,2.220
2.723,2.21
2.723,2.214
2.723,2.211
2.725,2.127
2.725,2.11
2.725,2.32
2.727,2.185
2.727,2.45
2.727,2.102
2.2790,2.185
2.501,2.111
2.2792,2.127
2.503,2.7
2.503,2.212
2.503,2.50
2.503,2.62
2.503,2.54
2.2794,2.127
2.505,2.206
2.505,2.116
2.505,2.24
2.505,2.32
2.506,2.42
2.506,2.143
2.506,2.60
2.507,2.36
2.2798,2.127
2.2799,2.127
2.291,2.75
2.291,2.59
2.291,2.203
2.291,2.70
2.293,2.113
2.294,2.113
2.294,2.204
2.294,2.75
2.295,2.113
2.295,2.75
2.295,2.54
2.296,2.54
2.297,2.78
2.297,2.63
2.2315,2.150
2.1119,2.22
2.1119,2.217
2.1118,2.27
2.1118,2.32
2.2310,2.150
2.2311,2.55
2.1113,2.143
2.1113,2.36
2.1444,2.196
2.2648,2.96
2.2648,2.62
2.1446,2.204
2.1446,2.11
2.1441,2.185
2.1441,2.204
2.1441,2.27
2.1441,2.60
2.1441,2.76
2.1440,2.204
2.1440,2.27
2.1440,2.60
2.1440,2.76
2.1443,2.196
2.1442,2.65
2.1442,2.21
2.1442,2.165
2.614,2.204
2.614,2.27
2.614,2.60
2.614,2.76
2.2485,2.126
2.2486,2.126
2.2487,2.126
2.2480,2.114
2.2481,2.114
2.2482,2.114
2.2483,2.114
2.618,2.40
2.618,2.26
2.619,2.40
2.619,2.26
2.2869,2.130
1.219,1.2
1.218,1.2
1.217,1.2
1.216,1.2
1.215,1.2
2.2861,2.130
1.213,1.2
1.212,1.2
1.211,1.2
1.210,1.2
2.650,2.55
2.478,2.27
2.478,2.129
2.479,2.210
2.479,2.54
2.651,2.227
2.476,2.221
2.476,2.39
2.476,2.102
2.477,2.221
2.470,2.78
2.652,2.45
2.652,2.19
2.472,2.212
2.472,2.65
2.472,2.46
2.1207,2.210
2.1207,2.20
2.1206,2.65
2.1206,2.165
2.1205,2.60
2.1205,2.11
2.1204,2.60
2.1204,2.11
2.1203,2.67
2.1202,2.67
2.1202,2.94
2.1201,2.94
2.1201,2.57
2.1201,2.68
2.1200,2.94
2.1200,2.57
2.1200,2.68
2.185,2.212
2.185,2.65
2.185,2.46
2.187,2.39
2.187,2.116
2.180,2.220
2.180,2.50
2.181,2.220
2.181,2.50
2.1209,2.50
2.1209,2.68
2.1209,2.54
2.1209,2.67
2.1209,2.212
2.1209,2.7
2.183,2.79
2.183,2.37
2.183,2.46
2.183,2.212
2.183,2.65
2.183,2.109
2.183,2.216
2.2260,2.227
2.2260,2.47
2.2260,2.60
2.2260,2.127
2.2260,2.122
2.2260,2.27
2.2261,2.227
2.2261,2.47
2.2261,2.185
2.2261,2.60
2.2261,2.127
2.2261,2.122
2.2261,2.27
2.2262,2.7
2.2264,2.26
2.2264,2.216
2.2265,2.216
2.2266,2.216
2.2268,2.36
2.2268,2.214
2.2269,2.127
2.2269,2.60
2.2269,2.27
2.2269,2.227
2.2269,2.47
2.2195,2.114
2.1984,2.116
2.1063,2.79
2.1062,2.65
2.1062,2.165
2.1061,2.220
2.1061,2.21
2.1061,2.214
2.1061,2.211
2.1067,2.40
2.1066,2.210
2.1066,2.20
2.1065,2.114
2.1064,2.46
2.1069,2.42
2.1069,2.55
2.1069,2.47
2.1069,2.62
2.1069,2.215
2.1069,2.216
2.1841,2.115
2.1664,2.42
2.1843,2.115
2.1666,2.143
2.1661,2.143
2.1661,2.36
2.1660,2.51
2.1660,2.50
2.1660,2.45
2.1660,2.19
2.1660,2.47
2.1663,2.96
2.1663,2.62
2.1849,2.115
2.1848,2.115
2.1669,2.23
2.1669,2.109
2.1985,2.116
1.140,1.1
STOP_8dd04dca-8ac9-4723-933c-993ec3443041,ROUTE_930ca19d-d3e8-4b79-82b8-1a6c50054b05
2.18,2.47
2.17,2.27
2.16,2.127
2.16,2.60
2.15,2.127
2.15,2.60
2.15,2.11
2.15,2.32
2.13,2.42
2.13,2.60
2.12,2.42
2.2224,2.118
2.2993,2.34
2.2993,2.33
2.1248,2.41
2.2996,2.210
2.1127,2.40
2.1127,2.42
2.1127,2.39
2.1127,2.51
2.1127,2.216
2.2995,2.210
2.1535,2.213
2.1242,2.204
2.3231,2.221
2.3232,2.206
2.3232,2.203
2.3233,2.206
2.3234,2.206
2.3235,2.39
2.3235,2.55
2.3236,2.212
2.3236,2.50
2.3237,2.207
2.3237,2.109
2.3010,2.128
2.3011,2.128
2.3012,2.128
2.1240,2.97
2.1240,2.104
2.1240,2.62
2.1240,2.96
2.3014,2.111
2.3016,2.126
2.3017,2.126
2.3017,2.127
2.3018,2.126
2.3019,2.126
2.3019,2.127
2.1530,2.215
2.2882,2.131
2.1532,2.204
2.1532,2.75
2.889,2.42
2.889,2.212
2.888,2.42
2.888,2.212
2.885,2.97
2.885,2.104
2.885,2.62
2.885,2.96
2.887,2.36
2.887,2.214
2.90,2.63
2.880,2.126
2.880,2.227
2.883,2.97
2.883,2.104
2.882,2.62
2.3304,2.70
2.3305,2.157
2.3305,2.57
2.3307,2.46
2.3300,2.65
2.3300,2.165
2.3301,2.65
2.3301,2.165
2.3302,2.129
2.3303,2.118
2.3308,2.208
2.3309,2.208
STOP_a0e09a37-cd5e-45e8-b4f1-ad7c75dd1de0,ROUTE_e786161c-a853-4b24-809e-0599ce254d66
2.9438,2.92
2.2128,2.66
2.1874,2.114
2.2123,2.128
2.2122,2.128
2.2121,2.128
2.8884,2.36
2.2127,2.128
2.2126,2.128
2.2125,2.128
2.2124,2.128
2.2342,2.213
2.2012,2.117
2.2010,2.117
2.2019,2.60
2.821,2.65
2.821,2.165
2.3167,2.32
2.3160,2.122
2.825,2.39
2.2789,2.185
2.2788,2.124
2.2787,2.117
2.2786,2.117
2.2785,2.117
2.3163,2.127
2.2783,2.117
2.2782,2.117
2.2781,2.117
2.2780,2.117
2.269,2.24
2.268,2.24
2.265,2.23
2.265,2.13
2.265,2.150
2.264,2.13
2.264,2.150
2.267,2.24
2.266,2.119
2.266,2.217
2.261,2.22
2.261,2.204
2.261,2.131
2.263,2.54
2.263,2.75
2.263,2.208
2.262,2.22
2.262,2.92
2.2303,2.128
2.2302,2.128
2.2653,2.41
2.2300,2.128
2.2307,2.150
2.2306,2.36
2.2305,2.128
2.2656,2.119
2.2658,2.227
2.2309,2.150
2.2308,2.150
2.1474,2.221
2.1476,2.220
2.1476,2.59
2.1476,2.39
2.1476,2.120
2.1477,2.45
2.1477,2.215
2.661,2.62
2.2492,2.126
2.2492,2.208
2.2491,2.126
2.2490,2.126
2.2496,2.125
2.667,2.217
2.667,2.45
2.667,2.120
2.667,2.215
2.2494,2.125
2.669,2.102
2.2879,2.131
2.2878,2.92
2.2878,2.204
2.2878,2.215
2.2878,2.22
2.2878,2.124
2.2878,2.131
2.2878,2.123
2.1602,2.217
2.1602,2.45
2.1602,2.215
2.2870,2.130
2.2872,2.131
2.2876,2.131
2.409,2.40
2.409,2.34
2.409,2.36
2.409,2.208
2.409,2.126
2.409,2.26
2.408,2.157
2.408,2.63
2.1780,2.42
2.1780,2.11
2.1781,2.37
2.1781,2.21
2.1787,2.92
2.1785,2.185
2.400,2.123
2.400,2.27
2.1788,2.220
2.402,2.19
2.407,2.157
2.407,2.63
2.406,2.47
2.406,2.204
2.406,2.76
2.1273,2.214
2.1273,2.36
2.1273,2.26
2.1271,2.66
2.1274,2.192
2.1274,2.36
2.1274,2.214
2.1873,2.114
2.1278,2.221
2.1278,2.216
2.1279,2.185
2.2279,2.204
2.2279,2.75
2.2279,2.68
2.2276,2.78
2.2275,2.78
2.2274,2.78
2.2273,2.78
2.2271,2.78
2.2270,2.207
2.2270,2.78
2.2270,2.115
2.315,2.51
2.315,2.50
2.315,2.55
2.315,2.19
2.315,2.6
2.314,2.41
2.317,2.51
2.317,2.50
2.317,2.55
2.317,2.19
2.317,2.6
2.316,2.68
2.316,2.54
2.316,2.66
2.316,2.67
2.316,2.213
2.316,2.63
2.310,2.67
2.310,2.75
2.310,2.7
2.313,2.22
2.313,2.7
2.313,2.215
2.313,2.24
2.312,2.211
2.312,2.37
2.319,2.27
2.318,2.62
2.1098,2.34
2.1098,2.33
2.1098,2.208
2.1098,2.67
2.1098,2.32
2.1098,2.63
2.1098,2.6
2.1098,2.7
2.1098,2.27
2.1099,2.41
2.1099,2.208
2.1097,2.65
2.1097,2.165
2.1095,2.51
2.1095,2.50
2.1095,2.47
2.1095,2.206
2.1095,2.32
2.1095,2.122
2.1092,2.210
2.1092,2.143
2.1090,2.36
2.1090,2.214
2.1650,2.113
2.1650,2.54
2.1652,2.65
2.1652,2.165
2.1653,2.95
2.1653,2.57
2.1653,2.68
2.1654,2.95
2.1654,2.57
2.1654,2.68
2.1655,2.67
2.1655,2.94
2.1656,2.67
2.1656,2.94
2.1657,2.78
2.1306,2.221
2.1659,2.42
2.1659,2.60
2.1659,2.11
2.1305,2.51
2.1305,2.50
2.1305,2.45
2.1305,2.47
2.1305,2.19
2.1305,2.20
2.1870,2.113
2.1872,2.114
2.1301,2.55
2.1301,2.114
2.1896,2.7
2.1897,2.7
2.1894,2.7
2.1892,2.7
2.1893,2.7
2.1890,2.214
2.1890,2.36
2.1890,2.7
2.1891,2.214
2.1891,2.36
2.1891,2.7
2.1898,2.7
2.1899,2.7
2.2530,2.59
2.1587,2.207
2.1236,2.39
2.1236,2.117
2.1620,2.220
2.1234,2.221
1.935,1.10
1.932,1.94
1.932,1.10
2.1233,2.221
2.28,2.185
2.28,2.119
2.28,2.215
2.29,2.76
1.930,1.94
1.930,1.10
2.22,2.22
2.22,2.217
2.20,2.27
2.21,2.33
2.21,2.67
2.21,2.75
2.21,2.206
2.21,2.113
2.21,2.7
2.27,2.221
2.24,2.27
2.24,2.227
2.24,2.47
2.25,2.27
2.25,2.227
2.25,2.47
2.2410,2.155
2.1376,2.75
2.1376,2.203
2.1376,2.70
2.2415,2.117
2.2414,2.155
2.248,2.54
2.3227,2.206
2.3226,2.206
2.3225,2.212
2.3224,2.221
2.3223,2.206
2.3222,2.206
2.3221,2.204
2.3221,2.27
2.3221,2.60
2.3221,2.76
2.3220,2.113
2.3229,2.206
2.3228,2.206
2.1508,2.27
2.3009,2.128
2.3008,2.121
2.3007,2.118
2.3006,2.118
2.3005,2.118
2.3004,2.118
2.3002,2.125
2.3002,2.13
2.3001,2.21
2.3000,2.125
2.3000,2.13
2.898,2.39
2.898,2.55
2.899,2.210
2.899,2.42
2.899,2.60
2.897,2.92
2.897,2.24
2.894,2.114
2.895,2.79
2.895,2.37
2.895,2.46
2.895,2.165
2.895,2.212
2.895,2.65
2.895,2.109
2.895,2.216
2.893,2.95
2.3313,2.208
2.3312,2.208
2.3310,2.208
2.3317,2.227
2.3317,2.216
2.3316,2.36
2.3316,2.227
2.3315,2.208
2.3314,2.208
2.3319,2.216
2.3318,2.216
STOP_568d09af-9691-492b-8c94-c98f7811f9f2,ROUTE_f5609de0-8643-4a62-bc7a-c48c37ccaf6b
STOP_568d09af-9691-492b-8c94-c98f7811f9f2,ROUTE_257c7c2c-ba39-4ce2-9926-2fa499e54ff4
STOP_568d09af-9691-492b-8c94-c98f7811f9f2,ROUTE_b9c0837f-acf1-4c69-b390-dea936d5bcb5
2.9422,2.206
2.9422,2.24
2.9422,2.32
2.271,2.24
2.182,2.22
2.182,2.24
2.1368,2.55
2.2063,2.121
2.2061,2.55
2.2061,2.121
2.2066,2.121
2.2067,2.121
2.2064,2.121
2.2068,2.121
2.2069,2.121
2.278,2.55
2.279,2.55
2.279,2.121
2.1467,2.66
2.1467,2.54
2.1466,2.66
2.1466,2.59
2.1466,2.54
2.1461,2.67
2.1461,2.57
2.1461,2.68
2.1461,2.78
2.1460,2.67
2.1460,2.57
2.1460,2.68
2.1460,2.78
2.276,2.78
2.277,2.6
2.272,2.24
2.273,2.220
2.273,2.59
2.273,2.45
2.1469,2.212
2.1469,2.50
2.1468,2.212
2.1468,2.50
2.2668,2.192
2.2668,2.117
2.2669,2.117
2.2664,2.46
2.2665,2.192
2.2665,2.117
2.2665,2.208
2.2667,2.78
2.2660,2.143
2.2662,2.125
2.1541,2.60
2.673,2.104
2.673,2.102
2.673,2.103
2.670,2.104
2.670,2.102
2.670,2.103
2.671,2.104
2.671,2.102
2.671,2.103
2.676,2.104
2.676,2.102
2.676,2.103
2.270,2.24
2.674,2.104
2.674,2.102
2.674,2.103
2.675,2.104
2.675,2.102
2.675,2.103
2.2466,2.185
2.2467,2.185
2.678,2.104
2.678,2.102
2.678,2.103
2.679,2.104
2.679,2.102
2.679,2.103
2.2461,2.92
2.2190,2.79
2.2682,2.216
2.2683,2.36
2.2683,2.33
2.2680,2.143
2.2681,2.204
2.2681,2.75
2.2681,2.68
2.2688,2.216
2.2689,2.216
2.1791,2.34
2.1792,2.126
2.1792,2.34
2.412,2.70
2.412,2.203
2.413,2.59
2.413,2.36
2.413,2.227
2.410,2.185
2.411,2.102
2.1261,2.22
2.1261,2.217
2.1261,2.24
2.1261,2.114
2.1260,2.22
2.1260,2.24
2.1260,2.217
2.1263,2.20
2.1263,2.45
2.1263,2.47
2.1262,2.215
2.1262,2.27
2.1262,2.32
2.1265,2.55
2.1264,2.211
2.1264,2.59
2.1264,2.63
2.1267,2.41
2.1266,2.41
2.1269,2.221
2.1268,2.66
2.1268,2.213
2.1268,2.54
1.945,1.94
1.944,1.94
1.943,1.94
1.942,1.94
1.941,1.94
1.940,1.94
2.2209,2.118
2.2203,2.95
2.2200,2.124
2.2200,2.119
2.2200,2.123
2.2196,2.114
2.306,2.51
2.306,2.50
2.306,2.47
2.306,2.32
2.307,2.92
2.307,2.47
2.307,2.208
2.307,2.19
2.307,2.20
2.307,2.45
2.300,2.192
2.300,2.36
2.2197,2.114
2.308,2.210
2.308,2.34
2.308,2.51
2.308,2.50
2.308,2.33
2.309,2.67
2.1089,2.20
2.1089,2.47
2.1089,2.39
2.1089,2.45
2.1089,2.208
2.1088,2.67
2.1088,2.63
2.1088,2.68
2.1086,2.39
2.1086,2.32
2.1081,2.212
2.1081,2.50
2.1081,2.7
2.1081,2.54
2.1080,2.34
2.1080,2.217
2.1080,2.6
2.1080,2.33
2.1080,2.208
2.1082,2.62
2.2844,2.129
2.2845,2.129
2.2846,2.129
2.2847,2.129
2.1319,2.7
2.1319,2.212
2.1319,2.62
2.1319,2.6
2.1318,2.34
2.1318,2.51
2.1318,2.50
2.1318,2.33
2.1318,2.210
2.1318,2.19
2.2842,2.129
2.2843,2.129
2.1863,2.113
2.1863,2.54
2.1862,2.113
2.1645,2.109
2.1316,2.114
2.1316,2.39
2.1316,2.55
2.1316,2.32
2.2848,2.129
2.1310,2.79
2.1310,2.37
2.1310,2.91
2.1310,2.46
2.1310,2.165
2.1310,2.212
2.1310,2.65
2.1310,2.109
2.1310,2.216
2.1313,2.66
2.1313,2.130
2.1864,2.113
2.1864,2.54
2.2468,2.185
2.2469,2.185
2.1885,2.114
2.1482,2.217
2.1887,2.206
2.1887,2.51
2.1887,2.50
2.1887,2.47
2.1887,2.32
2.1886,2.206
1.419,1.4
1.418,1.4
2.1883,2.34
2.1883,2.6
2.1882,2.203
1.415,1.4
1.414,1.4
1.417,1.4
1.416,1.4
2.2464,2.192
2.2464,2.92
1.413,1.4
2.2465,2.185
2.2608,2.22
2.2685,2.208
2.1111,2.36
STOP_0ea7fca1-4f15-4f11-b4ae-81648a3d8042,ROUTE_930ca19d-d3e8-4b79-82b8-1a6c50054b05
1.529,1.5
1.528,1.5
2.36,2.221
2.31,2.36
2.30,2.19
1.521,1.5
1.520,1.5
1.523,1.5
1.522,1.5
1.525,1.5
1.524,1.5
1.527,1.5
1.526,1.5
2.394,2.207
2.397,2.27
2.397,2.32
2.391,2.220
2.391,2.50
2.2997,2.210
2.393,2.23
2.393,2.13
2.1117,2.22
2.1117,2.24
2.1117,2.217
2.392,2.220
2.392,2.50
2.3252,2.125
2.3252,2.13
2.3253,2.13
2.3250,2.13
2.3251,2.13
2.3256,2.6
2.3257,2.6
2.3254,2.107
2.3254,2.21
2.3255,2.214
2.3255,2.6
2.3258,2.214
2.3258,2.6
2.1116,2.22
2.1116,2.116
2.1116,2.24
2.1116,2.217
2.2350,2.185
2.380,2.210
2.1362,2.70
2.376,2.59
2.376,2.208
2.2351,2.185
2.2351,2.45
2.1363,2.70
2.121,2.20
2.121,2.45
2.121,2.47
2.934,2.206
2.937,2.213
2.937,2.204
2.937,2.123
2.936,2.213
2.936,2.204
2.936,2.75
2.936,2.123
2.931,2.213
2.930,2.66
2.930,2.67
2.930,2.68
2.930,2.54
2.933,2.206
2.932,2.27
2.932,2.32
2.938,2.37
2.938,2.63
2.2484,2.114
2.2071,2.118
2.3,2.210
2.3,2.20
2.3,2.63
2.2072,2.128
2.2075,2.118
2.2074,2.118
2.2074,2.128
2.2077,2.118
2.2076,2.118
2.2079,2.118
2.2078,2.118
2.2136,2.110
2.2194,2.114
2.1148,2.204
2.1148,2.27
2.1148,2.60
2.1148,2.76
2.2130,2.45
2.483,2.67
2.483,2.7
2.483,2.63
2.483,2.33
2.483,2.78
2.6,2.63
2.1498,2.221
2.482,2.208
2.485,2.59
2.485,2.208
2.4,2.210
2.4,2.20
2.487,2.206
2.487,2.70
2.1412,2.206
2.1412,2.32
2.1140,2.19
2.249,2.45
2.249,2.19
2.1411,2.67
2.1411,2.57
2.1411,2.68
2.1411,2.78
2.9361,2.212
2.9361,2.50
2.1414,2.27
2.1414,2.32
2.1493,2.67
2.1493,2.7
2.1493,2.215
2.1493,2.68
2.791,2.155
2.791,2.103
2.1418,2.60
2.1418,2.11
2.1419,2.60
2.795,2.212
2.246,2.55
2.246,2.114
2.245,2.39
2.245,2.55
2.245,2.32
2.244,2.210
2.244,2.34
2.244,2.51
2.244,2.50
2.244,2.33
2.2679,2.143
2.2678,2.185
2.2672,2.185
2.2670,2.117
2.9168,2.36
2.9168,2.33
2.2674,2.185
2.2479,2.114
2.1146,2.221
2.649,2.45
2.649,2.19
2.648,2.79
2.647,2.79
2.2474,2.114
2.645,2.67
2.645,2.57
2.645,2.68
2.645,2.78
2.644,2.67
2.644,2.57
2.644,2.68
2.644,2.78
2.643,2.94
2.643,2.57
2.643,2.68
2.642,2.67
2.642,2.95
2.641,2.126
2.641,2.40
2.641,2.208
2.640,2.96
2.640,2.155
2.640,2.103
2.2695,2.115
2.426,2.39
2.426,2.117
2.425,2.39
2.425,2.117
2.2696,2.66
2.423,2.119
2.423,2.217
2.422,2.107
2.421,2.79
2.421,2.37
2.421,2.46
2.421,2.165
2.421,2.212
2.421,2.65
2.421,2.109
2.421,2.216
2.420,2.125
2.420,2.13
2.2699,2.227
2.2698,2.40
2.2698,2.42
2.2698,2.227
2.428,2.47
2.428,2.122
2.428,2.227
2.428,2.204
2.428,2.76
2.1258,2.59
2.1258,2.213
2.1259,2.157
2.1259,2.220
2.1259,2.54
2.1259,2.57
2.1259,2.208
2.1528,2.211
2.1528,2.68
2.1529,2.215
2.1254,2.212
2.1254,2.50
2.1255,2.55
2.1255,2.13
2.1255,2.216
2.1255,2.91
2.778,2.220
2.1525,2.27
2.1525,2.32
2.1522,2.22
2.1522,2.24
2.1522,2.114
2.1252,2.185
2.1252,2.204
2.1252,2.60
2.1252,2.76
2.1252,2.119
2.1252,2.27
2.1253,2.59
2.1253,2.208
2.1253,2.27
2.1253,2.32
2.2219,2.118
2.2218,2.118
2.2211,2.118
2.2210,2.118
2.2213,2.118
2.2212,2.118
2.2215,2.118
2.2214,2.118
2.2217,2.118
2.2216,2.118
1.316,1.3
1.317,1.3
1.314,1.3
1.315,1.3
1.318,1.3
1.319,1.3
2.1402,2.185
2.330,2.130
2.337,2.210
2.337,2.34
2.337,2.33
2.336,2.215
2.336,2.27
2.336,2.32
2.335,2.113
2.335,2.204
2.335,2.75
2.335,2.54
2.334,2.79
2.334,2.65
2.334,2.46
2.139,2.210
2.139,2.20
2.1647,2.110
2.1647,2.109
2.1328,2.39
2.1328,2.116
2.1328,2.32
2.2504,2.125
2.1638,2.37
2.1638,2.21
2.1638,2.109
2.1639,2.37
2.1639,2.21
2.1639,2.109
2.2501,2.79
2.2501,2.125
2.2856,2.203
2.2856,2.130
2.2855,2.130
2.2854,2.129
2.1632,2.36
2.1633,2.157
2.1633,2.78
2.1630,2.26
2.1630,2.92
2.1323,2.23
2.1323,2.37
2.1323,2.203
2.1323,2.109
2.1323,2.216
2.1636,2.41
2.1636,2.37
2.1636,2.55
2.1636,2.211
2.1636,2.120
2.1636,2.24
2.1325,2.59
2.1325,2.213
2.1325,2.91
2.1326,2.220
2.1326,2.21
2.1326,2.214
2.1326,2.91
2.1326,2.211
2.1327,2.92
2.1327,2.55
2.1327,2.114
2.1646,2.109
2.2256,2.125
2.2256,2.13
2.1746,2.67
2.1746,2.63
2.1746,2.68
2.1746,2.78
2.1747,2.67
2.1747,2.63
2.1747,2.68
2.1747,2.78
2.1744,2.210
2.1744,2.42
2.1744,2.60
2.1745,2.66
2.1745,2.207
2.1745,2.130
2.1742,2.206
2.1743,2.102
2.1741,2.37
2.1741,2.110
2.1741,2.109
2.1741,2.21
2.1749,2.157
2.1749,2.63
2.200,2.23
2.200,2.37
2.200,2.203
2.200,2.109
2.1643,2.109
2.41,2.67
2.41,2.7
2.41,2.63
2.41,2.33
2.41,2.78
2.42,2.34
2.42,2.33
2.42,2.67
2.42,2.63
2.42,2.7
2.42,2.6
2.43,2.37
2.43,2.203
2.43,2.109
2.43,2.216
2.44,2.37
2.44,2.203
2.44,2.109
2.44,2.216
2.47,2.27
1.532,1.5
1.533,1.5
1.530,1.5
1.531,1.5
1.534,1.5
STOP_a4378f41-73d4-4a55-a854-479a776bcbf5,ROUTE_a31f1bda-7f0f-4922-a1e6-a8d6e6a5e757
2.1497,2.22
2.1497,2.24
2.1642,2.21
2.1642,2.109
STOP_2fb3c2db-e99b-45af-a5be-e71869ee0feb,ROUTE_f5609de0-8643-4a62-bc7a-c48c37ccaf6b
2.1641,2.21
2.1641,2.109
2.3241,2.51
2.3241,2.55
2.3241,2.19
2.3240,2.121
2.3243,2.131
2.3242,2.59
2.3245,2.131
2.3244,2.131
2.3247,2.212
2.3247,2.50
2.3247,2.13
2.3247,2.91
2.3246,2.13
2.3246,2.46
2.3246,2.150
2.3248,2.150
2.3291,2.46
2.499,2.212
2.499,2.7
2.1869,2.113
2.1868,2.113
2.2840,2.129
2.2841,2.129
2.2510,2.127
2.2511,2.127
2.1315,2.19
2.1314,2.19
2.390,2.27
2.1861,2.185
2.1644,2.127
2.1644,2.51
2.1644,2.50
2.1311,2.41
2.2849,2.129
2.1865,2.113
2.2516,2.79
2.1640,2.37
2.1640,2.21
2.1640,2.109
2.3115,2.94
2.3114,2.94
2.3117,2.94
2.3116,2.94
2.3119,2.94
2.3118,2.94
2.2517,2.79
2.2135,2.110
2.1597,2.221
2.927,2.212
2.927,2.50
2.927,2.59
2.925,2.113
2.922,2.66
2.922,2.130
2.922,2.60
2.923,2.75
2.923,2.208
2.921,2.204
2.921,2.75
2.921,2.68
2.928,2.34
2.928,2.33
2.928,2.208
2.928,2.32
2.928,2.6
2.928,2.7
2.928,2.27
2.929,2.34
2.929,2.7
2.929,2.6
2.929,2.33
2.929,2.208
2.2515,2.127
2.2048,2.120
2.2049,2.120
2.2044,2.120
2.2045,2.120
2.2046,2.120
2.2047,2.120
2.2040,2.119
2.2041,2.119
2.2042,2.119
2.2043,2.120
2.2512,2.127
2.1881,2.78
2.1881,2.63
2.1881,2.68
2.1880,2.7
2.254,2.220
2.254,2.59
2.254,2.214
2.254,2.120
2.255,2.220
2.255,2.59
2.255,2.214
2.256,2.220
2.256,2.59
2.256,2.214
2.257,2.220
2.257,2.59
2.257,2.214
2.250,2.67
2.251,2.67
2.252,2.220
2.252,2.59
2.252,2.214
2.252,2.120
2.253,2.220
2.253,2.59
2.253,2.214
2.253,2.120
2.258,2.40
2.258,2.60
2.259,2.104
2.259,2.96
STOP_97033a4b-0da3-408d-a320-b02f3c0d50b9,ROUTE_dc5b9427-8dab-46bd-b655-d7e23922ca6c
2.1400,2.107
2.788,2.220
2.788,2.37
2.2793,2.127
2.1405,2.210
2.1405,2.33
2.1404,2.227
2.9375,2.39
2.9375,2.45
2.9375,2.19
2.1408,2.40
2.1408,2.11
2.780,2.40
2.780,2.42
2.780,2.55
2.780,2.39
2.780,2.216
2.780,2.19
2.787,2.39
2.787,2.116
2.787,2.114
2.784,2.34
2.784,2.51
2.784,2.50
2.784,2.33
2.784,2.210
2.784,2.19
2.659,2.67
2.659,2.95
2.659,2.57
2.659,2.68
2.2198,2.114
2.2199,2.116
2.509,2.20
2.509,2.227
2.2440,2.123
2.2441,2.123
2.2442,2.124
2.2442,2.123
2.2443,2.124
2.2443,2.123
2.654,2.55
2.654,2.150
2.655,2.55
2.655,2.150
2.656,2.55
2.656,2.150
2.657,2.55
2.657,2.150
2.430,2.227
2.431,2.96
2.431,2.62
2.432,2.97
2.432,2.104
2.432,2.62
2.432,2.96
2.435,2.19
2.436,2.19
2.437,2.206
2.437,2.39
2.437,2.55
2.437,2.32
2.592,2.157
2.592,2.63
2.8883,2.36
2.2992,2.113
2.2225,2.118
2.2990,2.121
2.2991,2.143
2.2220,2.118
2.1538,2.66
2.1538,2.207
2.1538,2.130
2.1538,2.60
2.2222,2.118
2.2223,2.118
2.1243,2.39
2.1534,2.207
2.2998,2.210
2.2999,2.125
2.2999,2.13
2.1247,2.210
2.1246,2.212
2.1246,2.50
2.1246,2.7
2.1246,2.54
2.1533,2.22
2.1533,2.24
2.1533,2.217
2.1244,2.39
2.2251,2.23
1.329,1.3
1.328,1.3
1.327,1.3
1.326,1.3
1.325,1.3
1.324,1.3
1.323,1.3
1.322,1.3
1.321,1.3
1.320,1.3
2.590,2.157
2.590,2.57
2.3123,2.94
2.328,2.96
2.328,2.62
2.329,2.210
2.324,2.157
2.324,2.57
2.327,2.40
2.327,2.34
2.327,2.36
2.327,2.208
2.327,2.126
2.327,2.26
2.327,2.11
2.320,2.109
2.320,2.27
2.321,2.217
2.321,2.39
2.321,2.45
2.321,2.47
2.1336,2.42
2.1335,2.39
2.1335,2.114
2.110,2.207
2.110,2.78
2.1332,2.37
2.1332,2.120
2.1332,2.121
2.1330,2.24
2.3127,2.109
2.1339,2.34
2.1339,2.36
2.1339,2.26
2.1339,2.11
2.1629,2.36
2.2532,2.75
2.2532,2.203
2.2532,2.70
2.2533,2.114
2.2536,2.121
2.2537,2.115
2.1621,2.127
2.1621,2.51
2.1621,2.50
2.2539,2.119
2.1622,2.51
2.1622,2.50
2.1622,2.76
2.1625,2.62
2.1625,2.76
2.1624,2.227
2.1626,2.62
2.1626,2.76
2.2317,2.107
1.433,1.4
1.432,1.4
1.431,1.4
1.430,1.4
1.434,1.4
2.1755,2.220
2.1755,2.50
2.1754,2.210
2.1756,2.220
2.1756,2.50
2.1751,2.157
2.1751,2.63
2.1750,2.157
2.1750,2.63
2.1753,2.210
2.1753,2.54
2.1752,2.210
2.1752,2.54
2.2368,2.208
2.1759,2.102
2.1758,2.102
2.1137,2.59
2.2318,2.107
2.2319,2.107
2.2518,2.79
1.509,1.5
2.52,2.221
2.51,2.19
2.51,2.76
2.56,2.59
2.55,2.22
2.55,2.7
2.55,2.215
2.55,2.24
2.54,2.211
2.54,2.37
2.59,2.27
2.58,2.68
2.58,2.54
2.58,2.66
2.58,2.67
2.58,2.213
2.58,2.63
2.616,2.185
2.610,2.213
2.611,2.213
2.2243,2.211
2.612,2.213
2.598,2.95
2.597,2.67
2.597,2.94
2.597,2.57
2.597,2.68
2.2724,2.116
2.2094,2.118
2.3274,2.96
2.2488,2.126
2.3276,2.114
2.3277,2.96
2.3270,2.192
2.3271,2.96
2.3272,2.96
2.3273,2.96
2.591,2.78
2.591,2.63
2.591,2.68
2.2722,2.155
2.3294,2.23
2.3295,2.185
2.3292,2.97
2.3293,2.207
2.3290,2.46
2.2944,2.155
2.2947,2.227
2.3299,2.65
2.3299,2.165
2.2946,2.210
2.2946,2.227
2.2943,2.155
2.1354,2.131
2.1354,2.215
2.2862,2.130
2.2863,2.130
2.917,2.65
2.917,2.46
2.916,2.65
2.916,2.46
2.3120,2.94
2.3121,2.94
2.3122,2.67
2.3122,2.94
2.3122,2.57
2.3122,2.68
1.214,1.2
2.3124,2.94
2.3125,2.207
2.3125,2.109
2.3126,2.109
2.34,2.59
2.34,2.227
2.34,2.92
2.34,2.216
2.2866,2.130
2.2864,2.130
STOP_807691f8-8456-4f4c-a2b2-f11e344deac4,ROUTE_930ca19d-d3e8-4b79-82b8-1a6c50054b05
2.3197,2.46
2.851,2.92
2.851,2.217
2.856,2.220
2.856,2.50
2.3426,2.20
2.857,2.70
2.913,2.20
2.913,2.47
2.913,2.45
2.913,2.208
2.912,2.45
2.912,2.19
2.911,2.39
2.910,2.39
2.3050,2.192
2.3051,2.119
2.3052,2.119
2.914,2.7
2.914,2.212
2.914,2.62
2.914,2.6
2.1147,2.221
2.1147,2.204
2.1147,2.27
2.1147,2.60
2.1147,2.76
